t,sx1,sy1,sx2,sy2,vx1,vy1,vx2,vy2,distance,compression, compression_x, compression_y, F1x, F1y, F2x, F2y
0,0.012,0,5,0,12,0,0,0,4.988,0,0,0,0,0,0,0
0.249,2.9999,0,5,0,12,0,0,0,2.0001,0,0,0,0,0,0,0
0.249,3.0003,0,5,0,12,0,0,0,1.9997,-0.0001,0.0001,0,-0.0088,0,0.0088,0
0.2491,3.0015,0,5,0,12,0,0,0,1.9985,-0.0007,0.0007,0,-0.13,0,0.13,0
0.2492,3.0027,0,5,0,12,0,0,0,1.9973,-0.0013,0.0013,0,-0.3228,0,0.3228,0
0.2493,3.0039,0,5,0,12,0,0,0,1.9961,-0.0019,0.0019,0,-0.5662,0,0.5662,0
0.2494,3.0051,0,5,0,11.9999,0,0,0,1.9949,-0.0025,0.0025,0,-0.8514,0,0.8514,0
0.2495,3.0063,0,5,0,11.9999,0,0,0,1.9937,-0.0031,0.0031,0,-1.1729,0,1.1729,0
0.2496,3.0075,0,5,0,11.9998,0,0.0001,0,1.9925,-0.0037,0.0037,0,-1.5269,0,1.5269,0
0.2497,3.0087,0,5,0,11.9997,0,0.0001,0,1.9913,-0.0043,0.0043,0,-1.9109,0,1.9109,0
0.2498,3.0099,0,5,0,11.9996,0,0.0001,0,1.9901,-0.0049,0.0049,0,-2.3225,0,2.3225,0
0.2499,3.0111,0,5,0,11.9995,0,0.0002,0,1.9889,-0.0055,0.0055,0,-2.76,0,2.76,0
0.25,3.0123,0,5,0,11.9993,0,0.0002,0,1.9877,-0.0061,0.0061,0,-3.222,0,3.222,0
0.2501,3.0135,0,5,0,11.9992,0,0.0003,0,1.9865,-0.0067,0.0067,0,-3.7072,0,3.7072,0
0.2502,3.0147,0,5,0,11.999,0,0.0003,0,1.9853,-0.0073,0.0073,0,-4.2146,0,4.2146,0
0.2503,3.0159,0,5,0,11.9987,0,0.0004,0,1.9841,-0.0079,0.0079,0,-4.7433,0,4.7433,0
0.2504,3.0171,0,5,0,11.9985,0,0.0005,0,1.9829,-0.0085,0.0085,0,-5.2923,0,5.2923,0
0.2505,3.0183,0,5,0,11.9982,0,0.0006,0,1.9817,-0.0091,0.0091,0,-5.861,0,5.861,0
0.2506,3.0195,0,5,0,11.9979,0,0.0007,0,1.9805,-0.0097,0.0097,0,-6.4487,0,6.4487,0
0.2507,3.0207,0,5,0,11.9976,0,0.0008,0,1.9793,-0.0103,0.0103,0,-7.0548,0,7.0548,0
0.2508,3.0219,0,5,0,11.9972,0,0.0009,0,1.9781,-0.0109,0.0109,0,-7.6788,0,7.6788,0
0.2509,3.0231,0,5,0,11.9968,0,0.0011,0,1.977,-0.0115,0.0115,0,-8.3201,0,8.3201,0
0.251,3.0242,0,5,0,11.9964,0,0.0012,0,1.9758,-0.0121,0.0121,0,-8.9783,0,8.9783,0
0.2511,3.0254,0,5,0,11.9959,0,0.0014,0,1.9746,-0.0127,0.0127,0,-9.653,0,9.653,0
0.2512,3.0266,0,5,0,11.9954,0,0.0015,0,1.9734,-0.0133,0.0133,0,-10.3437,0,10.3437,0
0.2513,3.0278,0,5,0,11.9949,0,0.0017,0,1.9722,-0.0139,0.0139,0,-11.0501,0,11.0501,0
0.2514,3.029,0,5,0,11.9943,0,0.0019,0,1.971,-0.0145,0.0145,0,-11.7719,0,11.7719,0
0.2515,3.0302,0,5,0,11.9937,0,0.0021,0,1.9698,-0.0151,0.0151,0,-12.5087,0,12.5087,0
0.2516,3.0314,0,5,0,11.993,0,0.0023,0,1.9686,-0.0157,0.0157,0,-13.2602,0,13.2602,0
0.2517,3.0326,0,5,0,11.9924,0,0.0025,0,1.9674,-0.0163,0.0163,0,-14.0261,0,14.0261,0
0.2518,3.0338,0,5,0,11.9916,0,0.0028,0,1.9662,-0.0169,0.0169,0,-14.8062,0,14.8062,0
0.2519,3.035,0,5,0,11.9909,0,0.003,0,1.965,-0.0175,0.0175,0,-15.6001,0,15.6001,0
0.252,3.0362,0,5,0,11.9901,0,0.0033,0,1.9638,-0.0181,0.0181,0,-16.4077,0,16.4077,0
0.2521,3.0374,0,5,0,11.9892,0,0.0036,0,1.9626,-0.0187,0.0187,0,-17.2286,0,17.2286,0
0.2522,3.0386,0,5,0,11.9884,0,0.0039,0,1.9614,-0.0193,0.0193,0,-18.0628,0,18.0628,0
0.2523,3.0398,0,5,0,11.9874,0,0.0042,0,1.9602,-0.0199,0.0199,0,-18.9099,0,18.9099,0
0.2524,3.041,0,5,0,11.9865,0,0.0045,0,1.959,-0.0205,0.0205,0,-19.7697,0,19.7697,0
0.2525,3.0422,0,5,0,11.9855,0,0.0048,0,1.9578,-0.0211,0.0211,0,-20.6421,0,20.6421,0
0.2526,3.0434,0,5,0,11.9844,0,0.0052,0,1.9566,-0.0217,0.0217,0,-21.5269,0,21.5269,0
0.2527,3.0446,0,5,0,11.9833,0,0.0056,0,1.9554,-0.0223,0.0223,0,-22.4239,0,22.4239,0
0.2528,3.0458,0,5,0,11.9822,0,0.0059,0,1.9542,-0.0229,0.0229,0,-23.3328,0,23.3328,0
0.2529,3.047,0,5,0,11.981,0,0.0063,0,1.953,-0.0235,0.0235,0,-24.2537,0,24.2537,0
0.253,3.0482,0,5,0,11.9797,0,0.0068,0,1.9518,-0.0241,0.0241,0,-25.1861,0,25.1861,0
0.2531,3.0494,0,5,0,11.9785,0,0.0072,0,1.9506,-0.0247,0.0247,0,-26.1301,0,26.1301,0
0.2532,3.0506,0,5,0,11.9771,0,0.0076,0,1.9494,-0.0253,0.0253,0,-27.0855,0,27.0855,0
0.2533,3.0518,0,5,0,11.9757,0,0.0081,0,1.9482,-0.0259,0.0259,0,-28.0521,0,28.0521,0
0.2534,3.053,0,5,0,11.9743,0,0.0086,0,1.947,-0.0265,0.0265,0,-29.0298,0,29.0298,0
0.2535,3.0542,0,5,0,11.9728,0,0.0091,0,1.9458,-0.0271,0.0271,0,-30.0184,0,30.0184,0
0.2536,3.0554,0,5,0,11.9713,0,0.0096,0,1.9446,-0.0277,0.0277,0,-31.0178,0,31.0178,0
0.2537,3.0566,0,5,0,11.9697,0,0.0101,0,1.9434,-0.0283,0.0283,0,-32.0279,0,32.0279,0
0.2538,3.0578,0,5,0,11.9681,0,0.0106,0,1.9422,-0.0289,0.0289,0,-33.0485,0,33.0485,0
0.2539,3.059,0,5,0,11.9664,0,0.0112,0,1.941,-0.0295,0.0295,0,-34.0796,0,34.0796,0
0.254,3.0602,0,5,0,11.9647,0,0.0118,0,1.9398,-0.0301,0.0301,0,-35.121,0,35.121,0
0.2541,3.0614,0,5,0,11.9629,0,0.0124,0,1.9386,-0.0307,0.0307,0,-36.1725,0,36.1725,0
0.2542,3.0626,0,5,0,11.9611,0,0.013,0,1.9374,-0.0313,0.0313,0,-37.2342,0,37.2342,0
0.2543,3.0638,0,5,0,11.9592,0,0.0136,0,1.9362,-0.0319,0.0319,0,-38.3058,0,38.3058,0
0.2544,3.065,0,5,0,11.9573,0,0.0142,0,1.935,-0.0325,0.0325,0,-39.3872,0,39.3872,0
0.2545,3.0662,0,5,0,11.9553,0,0.0149,0,1.9338,-0.0331,0.0331,0,-40.4785,0,40.4785,0
0.2546,3.0674,0,5,0,11.9532,0,0.0156,0,1.9326,-0.0337,0.0337,0,-41.5793,0,41.5793,0
0.2547,3.0686,0,5,0,11.9511,0,0.0163,0,1.9315,-0.0343,0.0343,0,-42.6897,0,42.6897,0
0.2548,3.0698,0,5,0,11.9489,0,0.017,0,1.9303,-0.0349,0.0349,0,-43.8095,0,43.8095,0
0.2549,3.071,0,5,0,11.9467,0,0.0178,0,1.9291,-0.0355,0.0355,0,-44.9387,0,44.9387,0
0.255,3.0722,0,5,0,11.9444,0,0.0185,0,1.9279,-0.0361,0.0361,0,-46.0772,0,46.0772,0
0.2551,3.0734,0,5,0,11.9421,0,0.0193,0,1.9267,-0.0367,0.0367,0,-47.2248,0,47.2248,0
0.2552,3.0745,0,5,0,11.9397,0,0.0201,0,1.9255,-0.0372,0.0372,0,-48.3814,0,48.3814,0
0.2553,3.0757,0,5,0,11.9373,0,0.0209,0,1.9243,-0.0378,0.0378,0,-49.5471,0,49.5471,0
0.2554,3.0769,0,5,0,11.9348,0,0.0217,0,1.9231,-0.0384,0.0384,0,-50.7216,0,50.7216,0
0.2555,3.0781,0,5,0,11.9322,0,0.0226,0,1.9219,-0.039,0.039,0,-51.9049,0,51.9049,0
0.2556,3.0793,0,5,0,11.9296,0,0.0235,0,1.9207,-0.0396,0.0396,0,-53.0969,0,53.0969,0
0.2557,3.0805,0,5,0,11.9269,0,0.0244,0,1.9195,-0.0402,0.0402,0,-54.2976,0,54.2976,0
0.2558,3.0817,0,5,0,11.9241,0,0.0253,0,1.9183,-0.0408,0.0408,0,-55.5068,0,55.5068,0
0.2559,3.0829,0,5.0001,0,11.9213,0,0.0262,0,1.9172,-0.0414,0.0414,0,-56.7245,0,56.7245,0
0.256,3.0841,0,5.0001,0,11.9185,0,0.0272,0,1.916,-0.042,0.042,0,-57.9506,0,57.9506,0
0.2561,3.0853,0,5.0001,0,11.9155,0,0.0282,0,1.9148,-0.0426,0.0426,0,-59.1849,0,59.1849,0
0.2562,3.0865,0,5.0001,0,11.9125,0,0.0292,0,1.9136,-0.0432,0.0432,0,-60.4275,0,60.4275,0
0.2563,3.0877,0,5.0001,0,11.9095,0,0.0302,0,1.9124,-0.0438,0.0438,0,-61.6783,0,61.6783,0
0.2564,3.0889,0,5.0001,0,11.9064,0,0.0312,0,1.9112,-0.0444,0.0444,0,-62.9371,0,62.9371,0
0.2565,3.09,0,5.0001,0,11.9032,0,0.0323,0,1.91,-0.045,0.045,0,-64.2039,0,64.2039,0
0.2566,3.0912,0,5.0001,0,11.9,0,0.0333,0,1.9088,-0.0456,0.0456,0,-65.4787,0,65.4787,0
0.2567,3.0924,0,5.0001,0,11.8966,0,0.0345,0,1.9077,-0.0462,0.0462,0,-66.7613,0,66.7613,0
0.2568,3.0936,0,5.0001,0,11.8933,0,0.0356,0,1.9065,-0.0468,0.0468,0,-68.0517,0,68.0517,0
0.2569,3.0948,0,5.0001,0,11.8898,0,0.0367,0,1.9053,-0.0474,0.0474,0,-69.3497,0,69.3497,0
0.257,3.096,0,5.0001,0,11.8863,0,0.0379,0,1.9041,-0.0479,0.0479,0,-70.6555,0,70.6555,0
0.2571,3.0972,0,5.0001,0,11.8828,0,0.0391,0,1.9029,-0.0485,0.0485,0,-71.9688,0,71.9688,0
0.2572,3.0984,0,5.0001,0,11.8791,0,0.0403,0,1.9017,-0.0491,0.0491,0,-73.2896,0,73.2896,0
0.2573,3.0996,0,5.0001,0,11.8754,0,0.0415,0,1.9005,-0.0497,0.0497,0,-74.6178,0,74.6178,0
0.2574,3.1007,0,5.0001,0,11.8717,0,0.0428,0,1.8994,-0.0503,0.0503,0,-75.9534,0,75.9534,0
0.2575,3.1019,0,5.0001,0,11.8679,0,0.044,0,1.8982,-0.0509,0.0509,0,-77.2963,0,77.2963,0
0.2576,3.1031,0,5.0001,0,11.864,0,0.0453,0,1.897,-0.0515,0.0515,0,-78.6465,0,78.6465,0
0.2577,3.1043,0,5.0001,0,11.86,0,0.0467,0,1.8958,-0.0521,0.0521,0,-80.0037,0,80.0037,0
0.2578,3.1055,0,5.0001,0,11.856,0,0.048,0,1.8946,-0.0527,0.0527,0,-81.3681,0,81.3681,0
0.2579,3.1067,0,5.0001,0,11.8518,0,0.0494,0,1.8935,-0.0533,0.0533,0,-82.7396,0,82.7396,0
0.258,3.1079,0,5.0001,0,11.8477,0,0.0508,0,1.8923,-0.0539,0.0539,0,-84.118,0,84.118,0
0.2581,3.109,0,5.0001,0,11.8434,0,0.0522,0,1.8911,-0.0544,0.0544,0,-85.5033,0,85.5033,0
0.2582,3.1102,0,5.0001,0,11.8391,0,0.0536,0,1.8899,-0.055,0.055,0,-86.8955,0,86.8955,0
0.2583,3.1114,0,5.0001,0,11.8347,0,0.0551,0,1.8887,-0.0556,0.0556,0,-88.2944,0,88.2944,0
0.2584,3.1126,0,5.0002,0,11.8303,0,0.0566,0,1.8876,-0.0562,0.0562,0,-89.7001,0,89.7001,0
0.2585,3.1138,0,5.0002,0,11.8258,0,0.0581,0,1.8864,-0.0568,0.0568,0,-91.1124,0,91.1124,0
0.2586,3.115,0,5.0002,0,11.8212,0,0.0596,0,1.8852,-0.0574,0.0574,0,-92.5314,0,92.5314,0
0.2587,3.1161,0,5.0002,0,11.8165,0,0.0612,0,1.884,-0.058,0.058,0,-93.9569,0,93.9569,0
0.2588,3.1173,0,5.0002,0,11.8118,0,0.0627,0,1.8829,-0.0586,0.0586,0,-95.3888,0,95.3888,0
0.2589,3.1185,0,5.0002,0,11.807,0,0.0643,0,1.8817,-0.0592,0.0592,0,-96.8272,0,96.8272,0
0.259,3.1197,0,5.0002,0,11.8021,0,0.066,0,1.8805,-0.0597,0.0597,0,-98.2719,0,98.2719,0
0.2591,3.1209,0,5.0002,0,11.7972,0,0.0676,0,1.8793,-0.0603,0.0603,0,-99.723,0,99.723,0
0.2592,3.122,0,5.0002,0,11.7921,0,0.0693,0,1.8782,-0.0609,0.0609,0,-101.18,0,101.18,0
0.2593,3.1232,0,5.0002,0,11.787,0,0.071,0,1.877,-0.0615,0.0615,0,-102.644,0,102.644,0
0.2594,3.1244,0,5.0002,0,11.7819,0,0.0727,0,1.8758,-0.0621,0.0621,0,-104.113,0,104.113,0
0.2595,3.1256,0,5.0002,0,11.7766,0,0.0745,0,1.8746,-0.0627,0.0627,0,-105.589,0,105.589,0
0.2596,3.1268,0,5.0002,0,11.7713,0,0.0762,0,1.8735,-0.0633,0.0633,0,-107.071,0,107.071,0
0.2597,3.1279,0,5.0002,0,11.7659,0,0.078,0,1.8723,-0.0638,0.0638,0,-108.558,0,108.558,0
0.2598,3.1291,0,5.0002,0,11.7604,0,0.0799,0,1.8711,-0.0644,0.0644,0,-110.052,0,110.052,0
0.2599,3.1303,0,5.0003,0,11.7549,0,0.0817,0,1.87,-0.065,0.065,0,-111.551,0,111.551,0
0.26,3.1315,0,5.0003,0,11.7493,0,0.0836,0,1.8688,-0.0656,0.0656,0,-113.056,0,113.056,0
0.2601,3.1326,0,5.0003,0,11.7436,0,0.0855,0,1.8676,-0.0662,0.0662,0,-114.567,0,114.567,0
0.2602,3.1338,0,5.0003,0,11.7378,0,0.0874,0,1.8665,-0.0668,0.0668,0,-116.084,0,116.084,0
0.2603,3.135,0,5.0003,0,11.732,0,0.0893,0,1.8653,-0.0673,0.0673,0,-117.606,0,117.606,0
0.2604,3.1362,0,5.0003,0,11.7261,0,0.0913,0,1.8641,-0.0679,0.0679,0,-119.134,0,119.134,0
0.2605,3.1373,0,5.0003,0,11.7201,0,0.0933,0,1.863,-0.0685,0.0685,0,-120.667,0,120.667,0
0.2606,3.1385,0,5.0003,0,11.714,0,0.0953,0,1.8618,-0.0691,0.0691,0,-122.206,0,122.206,0
0.2607,3.1397,0,5.0003,0,11.7079,0,0.0974,0,1.8607,-0.0697,0.0697,0,-123.75,0,123.75,0
0.2608,3.1408,0,5.0003,0,11.7016,0,0.0995,0,1.8595,-0.0702,0.0702,0,-125.299,0,125.299,0
0.2609,3.142,0,5.0003,0,11.6953,0,0.1016,0,1.8583,-0.0708,0.0708,0,-126.854,0,126.854,0
0.261,3.1432,0,5.0004,0,11.6889,0,0.1037,0,1.8572,-0.0714,0.0714,0,-128.414,0,128.414,0
0.2611,3.1443,0,5.0004,0,11.6825,0,0.1058,0,1.856,-0.072,0.072,0,-129.979,0,129.979,0
0.2612,3.1455,0,5.0004,0,11.6759,0,0.108,0,1.8549,-0.0726,0.0726,0,-131.55,0,131.55,0
0.2613,3.1467,0,5.0004,0,11.6693,0,0.1102,0,1.8537,-0.0731,0.0731,0,-133.125,0,133.125,0
0.2614,3.1479,0,5.0004,0,11.6626,0,0.1125,0,1.8526,-0.0737,0.0737,0,-134.706,0,134.706,0
0.2615,3.149,0,5.0004,0,11.6559,0,0.1147,0,1.8514,-0.0743,0.0743,0,-136.291,0,136.291,0
0.2616,3.1502,0,5.0004,0,11.649,0,0.117,0,1.8502,-0.0749,0.0749,0,-137.881,0,137.881,0
0.2617,3.1513,0,5.0004,0,11.6421,0,0.1193,0,1.8491,-0.0754,0.0754,0,-139.476,0,139.476,0
0.2618,3.1525,0,5.0004,0,11.6351,0,0.1216,0,1.8479,-0.076,0.076,0,-141.076,0,141.076,0
0.2619,3.1537,0,5.0005,0,11.628,0,0.124,0,1.8468,-0.0766,0.0766,0,-142.681,0,142.681,0
0.262,3.1548,0,5.0005,0,11.6208,0,0.1264,0,1.8456,-0.0772,0.0772,0,-144.291,0,144.291,0
0.2621,3.156,0,5.0005,0,11.6135,0,0.1288,0,1.8445,-0.0778,0.0778,0,-145.905,0,145.905,0
0.2622,3.1572,0,5.0005,0,11.6062,0,0.1313,0,1.8433,-0.0783,0.0783,0,-147.523,0,147.523,0
0.2623,3.1583,0,5.0005,0,11.5988,0,0.1337,0,1.8422,-0.0789,0.0789,0,-149.147,0,149.147,0
0.2624,3.1595,0,5.0005,0,11.5913,0,0.1362,0,1.841,-0.0795,0.0795,0,-150.774,0,150.774,0
0.2625,3.1606,0,5.0005,0,11.5837,0,0.1388,0,1.8399,-0.08,0.08,0,-152.406,0,152.406,0
0.2626,3.1618,0,5.0006,0,11.576,0,0.1413,0,1.8388,-0.0806,0.0806,0,-154.043,0,154.043,0
0.2627,3.163,0,5.0006,0,11.5683,0,0.1439,0,1.8376,-0.0812,0.0812,0,-155.684,0,155.684,0
0.2628,3.1641,0,5.0006,0,11.5605,0,0.1465,0,1.8365,-0.0818,0.0818,0,-157.329,0,157.329,0
0.2629,3.1653,0,5.0006,0,11.5526,0,0.1491,0,1.8353,-0.0823,0.0823,0,-158.978,0,158.978,0
0.263,3.1664,0,5.0006,0,11.5446,0,0.1518,0,1.8342,-0.0829,0.0829,0,-160.632,0,160.632,0
0.2631,3.1676,0,5.0006,0,11.5365,0,0.1545,0,1.8331,-0.0835,0.0835,0,-162.29,0,162.29,0
0.2632,3.1687,0,5.0006,0,11.5283,0,0.1572,0,1.8319,-0.084,0.084,0,-163.952,0,163.952,0
0.2633,3.1699,0,5.0007,0,11.5201,0,0.16,0,1.8308,-0.0846,0.0846,0,-165.618,0,165.618,0
0.2634,3.171,0,5.0007,0,11.5118,0,0.1627,0,1.8296,-0.0852,0.0852,0,-167.287,0,167.287,0
0.2635,3.1722,0,5.0007,0,11.5034,0,0.1655,0,1.8285,-0.0857,0.0857,0,-168.961,0,168.961,0
0.2636,3.1733,0,5.0007,0,11.4949,0,0.1684,0,1.8274,-0.0863,0.0863,0,-170.639,0,170.639,0
0.2637,3.1745,0,5.0007,0,11.4863,0,0.1712,0,1.8262,-0.0869,0.0869,0,-172.32,0,172.32,0
0.2638,3.1756,0,5.0007,0,11.4776,0,0.1741,0,1.8251,-0.0874,0.0874,0,-174.005,0,174.005,0
0.2639,3.1768,0,5.0008,0,11.4689,0,0.177,0,1.824,-0.088,0.088,0,-175.694,0,175.694,0
0.264,3.1779,0,5.0008,0,11.4601,0,0.18,0,1.8229,-0.0886,0.0886,0,-177.387,0,177.387,0
0.2641,3.1791,0,5.0008,0,11.4512,0,0.1829,0,1.8217,-0.0891,0.0891,0,-179.083,0,179.083,0
0.2642,3.1802,0,5.0008,0,11.4422,0,0.1859,0,1.8206,-0.0897,0.0897,0,-180.783,0,180.783,0
0.2643,3.1814,0,5.0008,0,11.4331,0,0.189,0,1.8195,-0.0903,0.0903,0,-182.486,0,182.486,0
0.2644,3.1825,0,5.0009,0,11.4239,0,0.192,0,1.8184,-0.0908,0.0908,0,-184.193,0,184.193,0
0.2645,3.1836,0,5.0009,0,11.4147,0,0.1951,0,1.8172,-0.0914,0.0914,0,-185.903,0,185.903,0
0.2646,3.1848,0,5.0009,0,11.4053,0,0.1982,0,1.8161,-0.0919,0.0919,0,-187.617,0,187.617,0
0.2647,3.1859,0,5.0009,0,11.3959,0,0.2014,0,1.815,-0.0925,0.0925,0,-189.334,0,189.334,0
0.2648,3.1871,0,5.0009,0,11.3864,0,0.2045,0,1.8139,-0.0931,0.0931,0,-191.054,0,191.054,0
0.2649,3.1882,0,5.001,0,11.3768,0,0.2077,0,1.8128,-0.0936,0.0936,0,-192.777,0,192.777,0
0.265,3.1893,0,5.001,0,11.3671,0,0.211,0,1.8116,-0.0942,0.0942,0,-194.504,0,194.504,0
0.2651,3.1905,0,5.001,0,11.3573,0,0.2142,0,1.8105,-0.0947,0.0947,0,-196.233,0,196.233,0
0.2652,3.1916,0,5.001,0,11.3475,0,0.2175,0,1.8094,-0.0953,0.0953,0,-197.966,0,197.966,0
0.2653,3.1927,0,5.001,0,11.3375,0,0.2208,0,1.8083,-0.0958,0.0958,0,-199.702,0,199.702,0
0.2654,3.1939,0,5.0011,0,11.3275,0,0.2242,0,1.8072,-0.0964,0.0964,0,-201.44,0,201.44,0
0.2655,3.195,0,5.0011,0,11.3174,0,0.2275,0,1.8061,-0.097,0.097,0,-203.182,0,203.182,0
0.2656,3.1961,0,5.0011,0,11.3072,0,0.2309,0,1.805,-0.0975,0.0975,0,-204.926,0,204.926,0
0.2657,3.1973,0,5.0011,0,11.2969,0,0.2344,0,1.8039,-0.0981,0.0981,0,-206.673,0,206.673,0
0.2658,3.1984,0,5.0012,0,11.2865,0,0.2378,0,1.8028,-0.0986,0.0986,0,-208.423,0,208.423,0
0.2659,3.1995,0,5.0012,0,11.2761,0,0.2413,0,1.8016,-0.0992,0.0992,0,-210.176,0,210.176,0
0.266,3.2007,0,5.0012,0,11.2655,0,0.2448,0,1.8005,-0.0997,0.0997,0,-211.931,0,211.931,0
0.2661,3.2018,0,5.0012,0,11.2549,0,0.2484,0,1.7994,-0.1003,0.1003,0,-213.689,0,213.689,0
0.2662,3.2029,0,5.0012,0,11.2441,0,0.252,0,1.7983,-0.1008,0.1008,0,-215.45,0,215.45,0
0.2663,3.204,0,5.0013,0,11.2333,0,0.2556,0,1.7972,-0.1014,0.1014,0,-217.213,0,217.213,0
0.2664,3.2052,0,5.0013,0,11.2224,0,0.2592,0,1.7962,-0.1019,0.1019,0,-218.978,0,218.978,0
0.2665,3.2063,0,5.0013,0,11.2114,0,0.2629,0,1.7951,-0.1025,0.1025,0,-220.746,0,220.746,0
0.2666,3.2074,0,5.0014,0,11.2003,0,0.2666,0,1.794,-0.103,0.103,0,-222.516,0,222.516,0
0.2667,3.2085,0,5.0014,0,11.1892,0,0.2703,0,1.7929,-0.1036,0.1036,0,-224.289,0,224.289,0
0.2668,3.2096,0,5.0014,0,11.1779,0,0.274,0,1.7918,-0.1041,0.1041,0,-226.063,0,226.063,0
0.2669,3.2107,0,5.0014,0,11.1666,0,0.2778,0,1.7907,-0.1047,0.1047,0,-227.84,0,227.84,0
0.267,3.2119,0,5.0015,0,11.1551,0,0.2816,0,1.7896,-0.1052,0.1052,0,-229.619,0,229.619,0
0.2671,3.213,0,5.0015,0,11.1436,0,0.2855,0,1.7885,-0.1057,0.1057,0,-231.4,0,231.4,0
0.2672,3.2141,0,5.0015,0,11.132,0,0.2893,0,1.7874,-0.1063,0.1063,0,-233.184,0,233.184,0
0.2673,3.2152,0,5.0015,0,11.1203,0,0.2932,0,1.7863,-0.1068,0.1068,0,-234.969,0,234.969,0
0.2674,3.2163,0,5.0016,0,11.1085,0,0.2972,0,1.7853,-0.1074,0.1074,0,-236.756,0,236.756,0
0.2675,3.2174,0,5.0016,0,11.0966,0,0.3011,0,1.7842,-0.1079,0.1079,0,-238.545,0,238.545,0
0.2676,3.2185,0,5.0016,0,11.0846,0,0.3051,0,1.7831,-0.1084,0.1084,0,-240.336,0,240.336,0
0.2677,3.2196,0,5.0017,0,11.0726,0,0.3091,0,1.782,-0.109,0.109,0,-242.128,0,242.128,0
0.2678,3.2208,0,5.0017,0,11.0604,0,0.3132,0,1.781,-0.1095,0.1095,0,-243.923,0,243.923,0
0.2679,3.2219,0,5.0017,0,11.0482,0,0.3173,0,1.7799,-0.1101,0.1101,0,-245.719,0,245.719,0
0.268,3.223,0,5.0018,0,11.0358,0,0.3214,0,1.7788,-0.1106,0.1106,0,-247.517,0,247.517,0
0.2681,3.2241,0,5.0018,0,11.0234,0,0.3255,0,1.7777,-0.1111,0.1111,0,-249.316,0,249.316,0
0.2682,3.2252,0,5.0018,0,11.0109,0,0.3297,0,1.7767,-0.1117,0.1117,0,-251.117,0,251.117,0
0.2683,3.2263,0,5.0019,0,10.9983,0,0.3339,0,1.7756,-0.1122,0.1122,0,-252.919,0,252.919,0
0.2684,3.2274,0,5.0019,0,10.9856,0,0.3381,0,1.7745,-0.1127,0.1127,0,-254.723,0,254.723,0
0.2685,3.2285,0,5.0019,0,10.9728,0,0.3424,0,1.7735,-0.1133,0.1133,0,-256.528,0,256.528,0
0.2686,3.2296,0,5.002,0,10.96,0,0.3467,0,1.7724,-0.1138,0.1138,0,-258.334,0,258.334,0
0.2687,3.2307,0,5.002,0,10.947,0,0.351,0,1.7713,-0.1143,0.1143,0,-260.142,0,260.142,0
0.2688,3.2317,0,5.002,0,10.934,0,0.3553,0,1.7703,-0.1149,0.1149,0,-261.951,0,261.951,0
0.2689,3.2328,0,5.0021,0,10.9208,0,0.3597,0,1.7692,-0.1154,0.1154,0,-263.761,0,263.761,0
0.269,3.2339,0,5.0021,0,10.9076,0,0.3641,0,1.7682,-0.1159,0.1159,0,-265.572,0,265.572,0
0.2691,3.235,0,5.0021,0,10.8943,0,0.3686,0,1.7671,-0.1164,0.1164,0,-267.385,0,267.385,0
0.2692,3.2361,0,5.0022,0,10.8808,0,0.3731,0,1.7661,-0.117,0.117,0,-269.198,0,269.198,0
0.2693,3.2372,0,5.0022,0,10.8673,0,0.3776,0,1.765,-0.1175,0.1175,0,-271.012,0,271.012,0
0.2694,3.2383,0,5.0023,0,10.8537,0,0.3821,0,1.764,-0.118,0.118,0,-272.828,0,272.828,0
0.2695,3.2394,0,5.0023,0,10.84,0,0.3867,0,1.7629,-0.1185,0.1185,0,-274.644,0,274.644,0
0.2696,3.2405,0,5.0023,0,10.8263,0,0.3912,0,1.7619,-0.1191,0.1191,0,-276.461,0,276.461,0
0.2697,3.2415,0,5.0024,0,10.8124,0,0.3959,0,1.7608,-0.1196,0.1196,0,-278.279,0,278.279,0
0.2698,3.2426,0,5.0024,0,10.7984,0,0.4005,0,1.7598,-0.1201,0.1201,0,-280.097,0,280.097,0
0.2699,3.2437,0,5.0025,0,10.7844,0,0.4052,0,1.7588,-0.1206,0.1206,0,-281.916,0,281.916,0
0.27,3.2448,0,5.0025,0,10.7702,0,0.4099,0,1.7577,-0.1211,0.1211,0,-283.736,0,283.736,0
0.2701,3.2458,0,5.0025,0,10.756,0,0.4147,0,1.7567,-0.1217,0.1217,0,-285.556,0,285.556,0
0.2702,3.2469,0,5.0026,0,10.7417,0,0.4194,0,1.7557,-0.1222,0.1222,0,-287.377,0,287.377,0
0.2703,3.248,0,5.0026,0,10.7273,0,0.4242,0,1.7546,-0.1227,0.1227,0,-289.198,0,289.198,0
0.2704,3.2491,0,5.0027,0,10.7128,0,0.4291,0,1.7536,-0.1232,0.1232,0,-291.02,0,291.02,0
0.2705,3.2501,0,5.0027,0,10.6982,0,0.4339,0,1.7526,-0.1237,0.1237,0,-292.842,0,292.842,0
0.2706,3.2512,0,5.0027,0,10.6835,0,0.4388,0,1.7515,-0.1242,0.1242,0,-294.665,0,294.665,0
0.2707,3.2523,0,5.0028,0,10.6687,0,0.4438,0,1.7505,-0.1247,0.1247,0,-296.487,0,296.487,0
0.2708,3.2533,0,5.0028,0,10.6538,0,0.4487,0,1.7495,-0.1252,0.1252,0,-298.31,0,298.31,0
0.2709,3.2544,0,5.0029,0,10.6389,0,0.4537,0,1.7485,-0.1258,0.1258,0,-300.133,0,300.133,0
0.271,3.2555,0,5.0029,0,10.6238,0,0.4587,0,1.7475,-0.1263,0.1263,0,-301.956,0,301.956,0
0.2711,3.2565,0,5.003,0,10.6087,0,0.4638,0,1.7464,-0.1268,0.1268,0,-303.779,0,303.779,0
0.2712,3.2576,0,5.003,0,10.5934,0,0.4689,0,1.7454,-0.1273,0.1273,0,-305.603,0,305.603,0
0.2713,3.2586,0,5.0031,0,10.5781,0,0.474,0,1.7444,-0.1278,0.1278,0,-307.426,0,307.426,0
0.2714,3.2597,0,5.0031,0,10.5627,0,0.4791,0,1.7434,-0.1283,0.1283,0,-309.249,0,309.249,0
0.2715,3.2608,0,5.0032,0,10.5472,0,0.4843,0,1.7424,-0.1288,0.1288,0,-311.072,0,311.072,0
0.2716,3.2618,0,5.0032,0,10.5316,0,0.4895,0,1.7414,-0.1293,0.1293,0,-312.895,0,312.895,0
0.2717,3.2629,0,5.0033,0,10.5159,0,0.4947,0,1.7404,-0.1298,0.1298,0,-314.717,0,314.717,0
0.2718,3.2639,0,5.0033,0,10.5001,0,0.5,0,1.7394,-0.1303,0.1303,0,-316.539,0,316.539,0
0.2719,3.265,0,5.0034,0,10.4842,0,0.5053,0,1.7384,-0.1308,0.1308,0,-318.361,0,318.361,0
0.272,3.266,0,5.0034,0,10.4683,0,0.5106,0,1.7374,-0.1313,0.1313,0,-320.183,0,320.183,0
0.2721,3.2671,0,5.0035,0,10.4522,0,0.5159,0,1.7364,-0.1318,0.1318,0,-322.004,0,322.004,0
0.2722,3.2681,0,5.0035,0,10.4361,0,0.5213,0,1.7354,-0.1323,0.1323,0,-323.824,0,323.824,0
0.2723,3.2691,0,5.0036,0,10.4198,0,0.5267,0,1.7344,-0.1328,0.1328,0,-325.644,0,325.644,0
0.2724,3.2702,0,5.0036,0,10.4035,0,0.5322,0,1.7334,-0.1333,0.1333,0,-327.463,0,327.463,0
0.2725,3.2712,0,5.0037,0,10.3871,0,0.5376,0,1.7324,-0.1338,0.1338,0,-329.282,0,329.282,0
0.2726,3.2723,0,5.0037,0,10.3706,0,0.5431,0,1.7315,-0.1343,0.1343,0,-331.1,0,331.1,0
0.2727,3.2733,0,5.0038,0,10.354,0,0.5487,0,1.7305,-0.1348,0.1348,0,-332.917,0,332.917,0
0.2728,3.2743,0,5.0038,0,10.3373,0,0.5542,0,1.7295,-0.1352,0.1352,0,-334.734,0,334.734,0
0.2729,3.2754,0,5.0039,0,10.3205,0,0.5598,0,1.7285,-0.1357,0.1357,0,-336.549,0,336.549,0
0.273,3.2764,0,5.0039,0,10.3036,0,0.5655,0,1.7275,-0.1362,0.1362,0,-338.364,0,338.364,0
0.2731,3.2774,0,5.004,0,10.2867,0,0.5711,0,1.7266,-0.1367,0.1367,0,-340.178,0,340.178,0
0.2732,3.2785,0,5.0041,0,10.2696,0,0.5768,0,1.7256,-0.1372,0.1372,0,-341.99,0,341.99,0
0.2733,3.2795,0,5.0041,0,10.2525,0,0.5825,0,1.7246,-0.1377,0.1377,0,-343.802,0,343.802,0
0.2734,3.2805,0,5.0042,0,10.2352,0,0.5883,0,1.7237,-0.1382,0.1382,0,-345.612,0,345.612,0
0.2735,3.2815,0,5.0042,0,10.2179,0,0.594,0,1.7227,-0.1386,0.1386,0,-347.422,0,347.422,0
0.2736,3.2826,0,5.0043,0,10.2005,0,0.5998,0,1.7217,-0.1391,0.1391,0,-349.23,0,349.23,0
0.2737,3.2836,0,5.0044,0,10.183,0,0.6057,0,1.7208,-0.1396,0.1396,0,-351.036,0,351.036,0
0.2738,3.2846,0,5.0044,0,10.1654,0,0.6115,0,1.7198,-0.1401,0.1401,0,-352.842,0,352.842,0
0.2739,3.2856,0,5.0045,0,10.1477,0,0.6174,0,1.7189,-0.1406,0.1406,0,-354.646,0,354.646,0
0.274,3.2866,0,5.0045,0,10.1299,0,0.6234,0,1.7179,-0.141,0.141,0,-356.449,0,356.449,0
0.2741,3.2876,0,5.0046,0,10.1121,0,0.6293,0,1.717,-0.1415,0.1415,0,-358.25,0,358.25,0
0.2742,3.2886,0,5.0047,0,10.0941,0,0.6353,0,1.716,-0.142,0.142,0,-360.05,0,360.05,0
0.2743,3.2897,0,5.0047,0,10.0761,0,0.6413,0,1.7151,-0.1425,0.1425,0,-361.848,0,361.848,0
0.2744,3.2907,0,5.0048,0,10.0579,0,0.6474,0,1.7141,-0.1429,0.1429,0,-363.645,0,363.645,0
0.2745,3.2917,0,5.0049,0,10.0397,0,0.6534,0,1.7132,-0.1434,0.1434,0,-365.44,0,365.44,0
0.2746,3.2927,0,5.0049,0,10.0214,0,0.6595,0,1.7123,-0.1439,0.1439,0,-367.233,0,367.233,0
0.2747,3.2937,0,5.005,0,10.003,0,0.6657,0,1.7113,-0.1443,0.1443,0,-369.024,0,369.024,0
0.2748,3.2947,0,5.0051,0,9.9845,0,0.6718,0,1.7104,-0.1448,0.1448,0,-370.814,0,370.814,0
0.2749,3.2957,0,5.0051,0,9.9659,0,0.678,0,1.7095,-0.1453,0.1453,0,-372.602,0,372.602,0
0.275,3.2967,0,5.0052,0,9.9472,0,0.6843,0,1.7085,-0.1457,0.1457,0,-374.387,0,374.387,0
0.2751,3.2977,0,5.0053,0,9.9284,0,0.6905,0,1.7076,-0.1462,0.1462,0,-376.171,0,376.171,0
0.2752,3.2986,0,5.0053,0,9.9096,0,0.6968,0,1.7067,-0.1466,0.1466,0,-377.953,0,377.953,0
0.2753,3.2996,0,5.0054,0,9.8906,0,0.7031,0,1.7058,-0.1471,0.1471,0,-379.733,0,379.733,0
0.2754,3.3006,0,5.0055,0,9.8716,0,0.7095,0,1.7049,-0.1476,0.1476,0,-381.51,0,381.51,0
0.2755,3.3016,0,5.0055,0,9.8525,0,0.7158,0,1.7039,-0.148,0.148,0,-383.286,0,383.286,0
0.2756,3.3026,0,5.0056,0,9.8333,0,0.7222,0,1.703,-0.1485,0.1485,0,-385.059,0,385.059,0
0.2757,3.3036,0,5.0057,0,9.814,0,0.7287,0,1.7021,-0.1489,0.1489,0,-386.83,0,386.83,0
0.2758,3.3046,0,5.0058,0,9.7946,0,0.7351,0,1.7012,-0.1494,0.1494,0,-388.599,0,388.599,0
0.2759,3.3055,0,5.0058,0,9.7751,0,0.7416,0,1.7003,-0.1498,0.1498,0,-390.365,0,390.365,0
0.276,3.3065,0,5.0059,0,9.7556,0,0.7481,0,1.6994,-0.1503,0.1503,0,-392.128,0,392.128,0
0.2761,3.3075,0,5.006,0,9.7359,0,0.7547,0,1.6985,-0.1507,0.1507,0,-393.89,0,393.89,0
0.2762,3.3085,0,5.0061,0,9.7162,0,0.7613,0,1.6976,-0.1512,0.1512,0,-395.649,0,395.649,0
0.2763,3.3094,0,5.0061,0,9.6963,0,0.7679,0,1.6967,-0.1516,0.1516,0,-397.405,0,397.405,0
0.2764,3.3104,0,5.0062,0,9.6764,0,0.7745,0,1.6958,-0.1521,0.1521,0,-399.159,0,399.159,0
0.2765,3.3114,0,5.0063,0,9.6564,0,0.7812,0,1.6949,-0.1525,0.1525,0,-400.909,0,400.909,0
0.2766,3.3123,0,5.0064,0,9.6363,0,0.7879,0,1.694,-0.153,0.153,0,-402.658,0,402.658,0
0.2767,3.3133,0,5.0065,0,9.6162,0,0.7946,0,1.6932,-0.1534,0.1534,0,-404.403,0,404.403,0
0.2768,3.3143,0,5.0065,0,9.5959,0,0.8014,0,1.6923,-0.1539,0.1539,0,-406.146,0,406.146,0
0.2769,3.3152,0,5.0066,0,9.5755,0,0.8082,0,1.6914,-0.1543,0.1543,0,-407.885,0,407.885,0
0.277,3.3162,0,5.0067,0,9.5551,0,0.815,0,1.6905,-0.1547,0.1547,0,-409.622,0,409.622,0
0.2771,3.3171,0,5.0068,0,9.5346,0,0.8218,0,1.6897,-0.1552,0.1552,0,-411.356,0,411.356,0
0.2772,3.3181,0,5.0069,0,9.514,0,0.8287,0,1.6888,-0.1556,0.1556,0,-413.087,0,413.087,0
0.2773,3.319,0,5.0069,0,9.4933,0,0.8356,0,1.6879,-0.156,0.156,0,-414.815,0,414.815,0
0.2774,3.32,0,5.007,0,9.4725,0,0.8425,0,1.6871,-0.1565,0.1565,0,-416.539,0,416.539,0
0.2775,3.3209,0,5.0071,0,9.4516,0,0.8495,0,1.6862,-0.1569,0.1569,0,-418.261,0,418.261,0
0.2776,3.3219,0,5.0072,0,9.4307,0,0.8564,0,1.6853,-0.1573,0.1573,0,-419.979,0,419.979,0
0.2777,3.3228,0,5.0073,0,9.4096,0,0.8635,0,1.6845,-0.1578,0.1578,0,-421.694,0,421.694,0
0.2778,3.3237,0,5.0074,0,9.3885,0,0.8705,0,1.6836,-0.1582,0.1582,0,-423.406,0,423.406,0
0.2779,3.3247,0,5.0075,0,9.3673,0,0.8776,0,1.6828,-0.1586,0.1586,0,-425.114,0,425.114,0
0.278,3.3256,0,5.0075,0,9.346,0,0.8847,0,1.6819,-0.159,0.159,0,-426.819,0,426.819,0
0.2781,3.3266,0,5.0076,0,9.3246,0,0.8918,0,1.6811,-0.1595,0.1595,0,-428.52,0,428.52,0
0.2782,3.3275,0,5.0077,0,9.3031,0,0.899,0,1.6802,-0.1599,0.1599,0,-430.218,0,430.218,0
0.2783,3.3284,0,5.0078,0,9.2816,0,0.9061,0,1.6794,-0.1603,0.1603,0,-431.913,0,431.913,0
0.2784,3.3293,0,5.0079,0,9.2599,0,0.9134,0,1.6786,-0.1607,0.1607,0,-433.603,0,433.603,0
0.2785,3.3303,0,5.008,0,9.2382,0,0.9206,0,1.6777,-0.1611,0.1611,0,-435.29,0,435.29,0
0.2786,3.3312,0,5.0081,0,9.2164,0,0.9279,0,1.6769,-0.1615,0.1615,0,-436.974,0,436.974,0
0.2787,3.3321,0,5.0082,0,9.1945,0,0.9352,0,1.6761,-0.162,0.162,0,-438.653,0,438.653,0
0.2788,3.333,0,5.0083,0,9.1725,0,0.9425,0,1.6752,-0.1624,0.1624,0,-440.329,0,440.329,0
0.2789,3.3339,0,5.0084,0,9.1505,0,0.9498,0,1.6744,-0.1628,0.1628,0,-442.001,0,442.001,0
0.279,3.3349,0,5.0085,0,9.1283,0,0.9572,0,1.6736,-0.1632,0.1632,0,-443.669,0,443.669,0
0.2791,3.3358,0,5.0086,0,9.1061,0,0.9646,0,1.6728,-0.1636,0.1636,0,-445.333,0,445.333,0
0.2792,3.3367,0,5.0087,0,9.0838,0,0.9721,0,1.672,-0.164,0.164,0,-446.994,0,446.994,0
0.2793,3.3376,0,5.0088,0,9.0614,0,0.9795,0,1.6712,-0.1644,0.1644,0,-448.65,0,448.65,0
0.2794,3.3385,0,5.0089,0,9.0389,0,0.987,0,1.6704,-0.1648,0.1648,0,-450.302,0,450.302,0
0.2795,3.3394,0,5.009,0,9.0164,0,0.9945,0,1.6696,-0.1652,0.1652,0,-451.95,0,451.95,0
0.2796,3.3403,0,5.0091,0,8.9937,0,1.0021,0,1.6688,-0.1656,0.1656,0,-453.593,0,453.593,0
0.2797,3.3412,0,5.0092,0,8.971,0,1.0097,0,1.668,-0.166,0.166,0,-455.233,0,455.233,0
0.2798,3.3421,0,5.0093,0,8.9482,0,1.0173,0,1.6672,-0.1664,0.1664,0,-456.868,0,456.868,0
0.2799,3.343,0,5.0094,0,8.9253,0,1.0249,0,1.6664,-0.1668,0.1668,0,-458.499,0,458.499,0
0.28,3.3439,0,5.0095,0,8.9024,0,1.0325,0,1.6656,-0.1672,0.1672,0,-460.125,0,460.125,0
0.2801,3.3448,0,5.0096,0,8.8793,0,1.0402,0,1.6648,-0.1676,0.1676,0,-461.747,0,461.747,0
0.2802,3.3456,0,5.0097,0,8.8562,0,1.0479,0,1.664,-0.168,0.168,0,-463.365,0,463.365,0
0.2803,3.3465,0,5.0098,0,8.833,0,1.0557,0,1.6632,-0.1684,0.1684,0,-464.978,0,464.978,0
0.2804,3.3474,0,5.0099,0,8.8097,0,1.0634,0,1.6625,-0.1688,0.1688,0,-466.587,0,466.587,0
0.2805,3.3483,0,5.01,0,8.7863,0,1.0712,0,1.6617,-0.1691,0.1691,0,-468.19,0,468.19,0
0.2806,3.3492,0,5.0101,0,8.7629,0,1.079,0,1.6609,-0.1695,0.1695,0,-469.79,0,469.79,0
0.2807,3.35,0,5.0102,0,8.7393,0,1.0869,0,1.6602,-0.1699,0.1699,0,-471.384,0,471.384,0
0.2808,3.3509,0,5.0103,0,8.7157,0,1.0948,0,1.6594,-0.1703,0.1703,0,-472.974,0,472.974,0
0.2809,3.3518,0,5.0104,0,8.692,0,1.1027,0,1.6586,-0.1707,0.1707,0,-474.559,0,474.559,0
0.281,3.3527,0,5.0105,0,8.6683,0,1.1106,0,1.6579,-0.1711,0.1711,0,-476.139,0,476.139,0
0.2811,3.3535,0,5.0106,0,8.6444,0,1.1185,0,1.6571,-0.1714,0.1714,0,-477.715,0,477.715,0
0.2812,3.3544,0,5.0108,0,8.6205,0,1.1265,0,1.6564,-0.1718,0.1718,0,-479.285,0,479.285,0
0.2813,3.3552,0,5.0109,0,8.5965,0,1.1345,0,1.6556,-0.1722,0.1722,0,-480.85,0,480.85,0
0.2814,3.3561,0,5.011,0,8.5724,0,1.1425,0,1.6549,-0.1726,0.1726,0,-482.411,0,482.411,0
0.2815,3.357,0,5.0111,0,8.5483,0,1.1506,0,1.6541,-0.1729,0.1729,0,-483.966,0,483.966,0
0.2816,3.3578,0,5.0112,0,8.524,0,1.1587,0,1.6534,-0.1733,0.1733,0,-485.516,0,485.516,0
0.2817,3.3587,0,5.0113,0,8.4997,0,1.1668,0,1.6527,-0.1737,0.1737,0,-487.061,0,487.061,0
0.2818,3.3595,0,5.0114,0,8.4753,0,1.1749,0,1.6519,-0.174,0.174,0,-488.601,0,488.601,0
0.2819,3.3604,0,5.0116,0,8.4508,0,1.1831,0,1.6512,-0.1744,0.1744,0,-490.136,0,490.136,0
0.282,3.3612,0,5.0117,0,8.4263,0,1.1912,0,1.6505,-0.1748,0.1748,0,-491.665,0,491.665,0
0.2821,3.362,0,5.0118,0,8.4017,0,1.1994,0,1.6498,-0.1751,0.1751,0,-493.189,0,493.189,0
0.2822,3.3629,0,5.0119,0,8.377,0,1.2077,0,1.649,-0.1755,0.1755,0,-494.708,0,494.708,0
0.2823,3.3637,0,5.012,0,8.3522,0,1.2159,0,1.6483,-0.1758,0.1758,0,-496.221,0,496.221,0
0.2824,3.3646,0,5.0122,0,8.3274,0,1.2242,0,1.6476,-0.1762,0.1762,0,-497.728,0,497.728,0
0.2825,3.3654,0,5.0123,0,8.3024,0,1.2325,0,1.6469,-0.1765,0.1765,0,-499.231,0,499.231,0
0.2826,3.3662,0,5.0124,0,8.2774,0,1.2409,0,1.6462,-0.1769,0.1769,0,-500.727,0,500.727,0
0.2827,3.367,0,5.0125,0,8.2524,0,1.2492,0,1.6455,-0.1772,0.1772,0,-502.218,0,502.218,0
0.2828,3.3679,0,5.0127,0,8.2272,0,1.2576,0,1.6448,-0.1776,0.1776,0,-503.704,0,503.704,0
0.2829,3.3687,0,5.0128,0,8.202,0,1.266,0,1.6441,-0.1779,0.1779,0,-505.183,0,505.183,0
0.283,3.3695,0,5.0129,0,8.1767,0,1.2744,0,1.6434,-0.1783,0.1783,0,-506.657,0,506.657,0
0.2831,3.3703,0,5.013,0,8.1513,0,1.2829,0,1.6427,-0.1786,0.1786,0,-508.125,0,508.125,0
0.2832,3.3711,0,5.0132,0,8.1259,0,1.2914,0,1.642,-0.179,0.179,0,-509.588,0,509.588,0
0.2833,3.3719,0,5.0133,0,8.1004,0,1.2999,0,1.6414,-0.1793,0.1793,0,-511.044,0,511.044,0
0.2834,3.3728,0,5.0134,0,8.0748,0,1.3084,0,1.6407,-0.1797,0.1797,0,-512.495,0,512.495,0
0.2835,3.3736,0,5.0136,0,8.0491,0,1.317,0,1.64,-0.18,0.18,0,-513.939,0,513.939,0
0.2836,3.3744,0,5.0137,0,8.0234,0,1.3255,0,1.6393,-0.1803,0.1803,0,-515.378,0,515.378,0
0.2837,3.3752,0,5.0138,0,7.9976,0,1.3341,0,1.6387,-0.1807,0.1807,0,-516.811,0,516.811,0
0.2838,3.376,0,5.014,0,7.9717,0,1.3428,0,1.638,-0.181,0.181,0,-518.237,0,518.237,0
0.2839,3.3768,0,5.0141,0,7.9458,0,1.3514,0,1.6373,-0.1813,0.1813,0,-519.658,0,519.658,0
0.284,3.3776,0,5.0142,0,7.9197,0,1.3601,0,1.6367,-0.1817,0.1817,0,-521.072,0,521.072,0
0.2841,3.3783,0,5.0144,0,7.8936,0,1.3688,0,1.636,-0.182,0.182,0,-522.48,0,522.48,0
0.2842,3.3791,0,5.0145,0,7.8675,0,1.3775,0,1.6354,-0.1823,0.1823,0,-523.882,0,523.882,0
0.2843,3.3799,0,5.0146,0,7.8413,0,1.3862,0,1.6347,-0.1826,0.1826,0,-525.278,0,525.278,0
0.2844,3.3807,0,5.0148,0,7.815,0,1.395,0,1.6341,-0.183,0.183,0,-526.667,0,526.667,0
0.2845,3.3815,0,5.0149,0,7.7886,0,1.4038,0,1.6334,-0.1833,0.1833,0,-528.05,0,528.05,0
0.2846,3.3823,0,5.0151,0,7.7622,0,1.4126,0,1.6328,-0.1836,0.1836,0,-529.426,0,529.426,0
0.2847,3.383,0,5.0152,0,7.7356,0,1.4215,0,1.6322,-0.1839,0.1839,0,-530.796,0,530.796,0
0.2848,3.3838,0,5.0153,0,7.7091,0,1.4303,0,1.6315,-0.1842,0.1842,0,-532.16,0,532.16,0
0.2849,3.3846,0,5.0155,0,7.6824,0,1.4392,0,1.6309,-0.1845,0.1845,0,-533.517,0,533.517,0
0.285,3.3853,0,5.0156,0,7.6557,0,1.4481,0,1.6303,-0.1849,0.1849,0,-534.867,0,534.867,0
0.2851,3.3861,0,5.0158,0,7.6289,0,1.457,0,1.6297,-0.1852,0.1852,0,-536.211,0,536.211,0
0.2852,3.3869,0,5.0159,0,7.6021,0,1.466,0,1.6291,-0.1855,0.1855,0,-537.548,0,537.548,0
0.2853,3.3876,0,5.0161,0,7.5752,0,1.4749,0,1.6284,-0.1858,0.1858,0,-538.879,0,538.879,0
0.2854,3.3884,0,5.0162,0,7.5482,0,1.4839,0,1.6278,-0.1861,0.1861,0,-540.202,0,540.202,0
0.2855,3.3891,0,5.0164,0,7.5212,0,1.4929,0,1.6272,-0.1864,0.1864,0,-541.519,0,541.519,0
0.2856,3.3899,0,5.0165,0,7.4941,0,1.502,0,1.6266,-0.1867,0.1867,0,-542.83,0,542.83,0
0.2857,3.3906,0,5.0167,0,7.4669,0,1.511,0,1.626,-0.187,0.187,0,-544.133,0,544.133,0
0.2858,3.3914,0,5.0168,0,7.4396,0,1.5201,0,1.6254,-0.1873,0.1873,0,-545.429,0,545.429,0
0.2859,3.3921,0,5.017,0,7.4123,0,1.5292,0,1.6249,-0.1876,0.1876,0,-546.719,0,546.719,0
0.286,3.3929,0,5.0171,0,7.385,0,1.5383,0,1.6243,-0.1879,0.1879,0,-548.002,0,548.002,0
0.2861,3.3936,0,5.0173,0,7.3575,0,1.5475,0,1.6237,-0.1882,0.1882,0,-549.277,0,549.277,0
0.2862,3.3943,0,5.0174,0,7.33,0,1.5567,0,1.6231,-0.1884,0.1884,0,-550.546,0,550.546,0
0.2863,3.3951,0,5.0176,0,7.3025,0,1.5658,0,1.6225,-0.1887,0.1887,0,-551.807,0,551.807,0
0.2864,3.3958,0,5.0178,0,7.2749,0,1.575,0,1.622,-0.189,0.189,0,-553.062,0,553.062,0
0.2865,3.3965,0,5.0179,0,7.2472,0,1.5843,0,1.6214,-0.1893,0.1893,0,-554.309,0,554.309,0
0.2866,3.3972,0,5.0181,0,7.2194,0,1.5935,0,1.6208,-0.1896,0.1896,0,-555.549,0,555.549,0
0.2867,3.398,0,5.0182,0,7.1916,0,1.6028,0,1.6203,-0.1899,0.1899,0,-556.782,0,556.782,0
0.2868,3.3987,0,5.0184,0,7.1638,0,1.6121,0,1.6197,-0.1901,0.1901,0,-558.007,0,558.007,0
0.2869,3.3994,0,5.0186,0,7.1358,0,1.6214,0,1.6192,-0.1904,0.1904,0,-559.226,0,559.226,0
0.287,3.4001,0,5.0187,0,7.1078,0,1.6307,0,1.6186,-0.1907,0.1907,0,-560.436,0,560.436,0
0.2871,3.4008,0,5.0189,0,7.0798,0,1.6401,0,1.6181,-0.191,0.191,0,-561.64,0,561.64,0
0.2872,3.4015,0,5.019,0,7.0517,0,1.6494,0,1.6175,-0.1912,0.1912,0,-562.836,0,562.836,0
0.2873,3.4022,0,5.0192,0,7.0235,0,1.6588,0,1.617,-0.1915,0.1915,0,-564.025,0,564.025,0
0.2874,3.4029,0,5.0194,0,6.9953,0,1.6682,0,1.6164,-0.1918,0.1918,0,-565.206,0,565.206,0
0.2875,3.4036,0,5.0195,0,6.967,0,1.6777,0,1.6159,-0.192,0.192,0,-566.38,0,566.38,0
0.2876,3.4043,0,5.0197,0,6.9386,0,1.6871,0,1.6154,-0.1923,0.1923,0,-567.546,0,567.546,0
0.2877,3.405,0,5.0199,0,6.9102,0,1.6966,0,1.6149,-0.1926,0.1926,0,-568.705,0,568.705,0
0.2878,3.4057,0,5.02,0,6.8818,0,1.7061,0,1.6143,-0.1928,0.1928,0,-569.856,0,569.856,0
0.2879,3.4064,0,5.0202,0,6.8532,0,1.7156,0,1.6138,-0.1931,0.1931,0,-570.999,0,570.999,0
0.288,3.4071,0,5.0204,0,6.8247,0,1.7251,0,1.6133,-0.1933,0.1933,0,-572.135,0,572.135,0
0.2881,3.4078,0,5.0206,0,6.796,0,1.7347,0,1.6128,-0.1936,0.1936,0,-573.263,0,573.263,0
0.2882,3.4084,0,5.0207,0,6.7673,0,1.7442,0,1.6123,-0.1938,0.1938,0,-574.383,0,574.383,0
0.2883,3.4091,0,5.0209,0,6.7386,0,1.7538,0,1.6118,-0.1941,0.1941,0,-575.495,0,575.495,0
0.2884,3.4098,0,5.0211,0,6.7098,0,1.7634,0,1.6113,-0.1943,0.1943,0,-576.6,0,576.6,0
0.2885,3.4105,0,5.0213,0,6.6809,0,1.773,0,1.6108,-0.1946,0.1946,0,-577.696,0,577.696,0
0.2886,3.4111,0,5.0214,0,6.652,0,1.7827,0,1.6103,-0.1948,0.1948,0,-578.785,0,578.785,0
0.2887,3.4118,0,5.0216,0,6.623,0,1.7923,0,1.6098,-0.1951,0.1951,0,-579.866,0,579.866,0
0.2888,3.4124,0,5.0218,0,6.594,0,1.802,0,1.6094,-0.1953,0.1953,0,-580.939,0,580.939,0
0.2889,3.4131,0,5.022,0,6.5649,0,1.8117,0,1.6089,-0.1956,0.1956,0,-582.004,0,582.004,0
0.289,3.4138,0,5.0222,0,6.5358,0,1.8214,0,1.6084,-0.1958,0.1958,0,-583.061,0,583.061,0
0.2891,3.4144,0,5.0223,0,6.5066,0,1.8311,0,1.6079,-0.196,0.196,0,-584.11,0,584.11,0
0.2892,3.4151,0,5.0225,0,6.4774,0,1.8409,0,1.6075,-0.1963,0.1963,0,-585.151,0,585.151,0
0.2893,3.4157,0,5.0227,0,6.4481,0,1.8506,0,1.607,-0.1965,0.1965,0,-586.183,0,586.183,0
0.2894,3.4163,0,5.0229,0,6.4188,0,1.8604,0,1.6066,-0.1967,0.1967,0,-587.208,0,587.208,0
0.2895,3.417,0,5.0231,0,6.3894,0,1.8702,0,1.6061,-0.1969,0.1969,0,-588.224,0,588.224,0
0.2896,3.4176,0,5.0233,0,6.36,0,1.88,0,1.6056,-0.1972,0.1972,0,-589.233,0,589.233,0
0.2897,3.4183,0,5.0235,0,6.3305,0,1.8898,0,1.6052,-0.1974,0.1974,0,-590.233,0,590.233,0
0.2898,3.4189,0,5.0237,0,6.3009,0,1.8997,0,1.6048,-0.1976,0.1976,0,-591.224,0,591.224,0
0.2899,3.4195,0,5.0238,0,6.2714,0,1.9095,0,1.6043,-0.1978,0.1978,0,-592.208,0,592.208,0
0.29,3.4201,0,5.024,0,6.2417,0,1.9194,0,1.6039,-0.1981,0.1981,0,-593.183,0,593.183,0
0.2901,3.4208,0,5.0242,0,6.212,0,1.9293,0,1.6035,-0.1983,0.1983,0,-594.149,0,594.149,0
0.2902,3.4214,0,5.0244,0,6.1823,0,1.9392,0,1.603,-0.1985,0.1985,0,-595.108,0,595.108,0
0.2903,3.422,0,5.0246,0,6.1525,0,1.9492,0,1.6026,-0.1987,0.1987,0,-596.058,0,596.058,0
0.2904,3.4226,0,5.0248,0,6.1227,0,1.9591,0,1.6022,-0.1989,0.1989,0,-596.999,0,596.999,0
0.2905,3.4232,0,5.025,0,6.0928,0,1.9691,0,1.6018,-0.1991,0.1991,0,-597.932,0,597.932,0
0.2906,3.4238,0,5.0252,0,6.0629,0,1.979,0,1.6014,-0.1993,0.1993,0,-598.857,0,598.857,0
0.2907,3.4244,0,5.0254,0,6.0329,0,1.989,0,1.601,-0.1995,0.1995,0,-599.773,0,599.773,0
0.2908,3.425,0,5.0256,0,6.0029,0,1.999,0,1.6006,-0.1997,0.1997,0,-600.68,0,600.68,0
0.2909,3.4256,0,5.0258,0,5.9729,0,2.009,0,1.6002,-0.1999,0.1999,0,-601.579,0,601.579,0
0.291,3.4262,0,5.026,0,5.9428,0,2.0191,0,1.5998,-0.2001,0.2001,0,-602.47,0,602.47,0
0.2911,3.4268,0,5.0262,0,5.9126,0,2.0291,0,1.5994,-0.2003,0.2003,0,-603.351,0,603.351,0
0.2912,3.4274,0,5.0264,0,5.8824,0,2.0392,0,1.599,-0.2005,0.2005,0,-604.224,0,604.224,0
0.2913,3.428,0,5.0266,0,5.8522,0,2.0493,0,1.5986,-0.2007,0.2007,0,-605.088,0,605.088,0
0.2914,3.4286,0,5.0268,0,5.8219,0,2.0594,0,1.5982,-0.2009,0.2009,0,-605.944,0,605.944,0
0.2915,3.4292,0,5.027,0,5.7916,0,2.0695,0,1.5979,-0.2011,0.2011,0,-606.791,0,606.791,0
0.2916,3.4297,0,5.0272,0,5.7612,0,2.0796,0,1.5975,-0.2013,0.2013,0,-607.629,0,607.629,0
0.2917,3.4303,0,5.0274,0,5.7308,0,2.0897,0,1.5971,-0.2014,0.2014,0,-608.458,0,608.458,0
0.2918,3.4309,0,5.0277,0,5.7004,0,2.0999,0,1.5968,-0.2016,0.2016,0,-609.279,0,609.279,0
0.2919,3.4315,0,5.0279,0,5.6699,0,2.11,0,1.5964,-0.2018,0.2018,0,-610.09,0,610.09,0
0.292,3.432,0,5.0281,0,5.6394,0,2.1202,0,1.596,-0.202,0.202,0,-610.893,0,610.893,0
0.2921,3.4326,0,5.0283,0,5.6088,0,2.1304,0,1.5957,-0.2022,0.2022,0,-611.687,0,611.687,0
0.2922,3.4332,0,5.0285,0,5.5782,0,2.1406,0,1.5953,-0.2023,0.2023,0,-612.472,0,612.472,0
0.2923,3.4337,0,5.0287,0,5.5476,0,2.1508,0,1.595,-0.2025,0.2025,0,-613.248,0,613.248,0
0.2924,3.4343,0,5.0289,0,5.5169,0,2.161,0,1.5947,-0.2027,0.2027,0,-614.015,0,614.015,0
0.2925,3.4348,0,5.0291,0,5.4862,0,2.1713,0,1.5943,-0.2028,0.2028,0,-614.773,0,614.773,0
0.2926,3.4354,0,5.0294,0,5.4554,0,2.1815,0,1.594,-0.203,0.203,0,-615.522,0,615.522,0
0.2927,3.4359,0,5.0296,0,5.4246,0,2.1918,0,1.5937,-0.2032,0.2032,0,-616.262,0,616.262,0
0.2928,3.4364,0,5.0298,0,5.3938,0,2.2021,0,1.5934,-0.2033,0.2033,0,-616.993,0,616.993,0
0.2929,3.437,0,5.03,0,5.3629,0,2.2124,0,1.593,-0.2035,0.2035,0,-617.715,0,617.715,0
0.293,3.4375,0,5.0302,0,5.332,0,2.2227,0,1.5927,-0.2036,0.2036,0,-618.428,0,618.428,0
0.2931,3.438,0,5.0305,0,5.3011,0,2.233,0,1.5924,-0.2038,0.2038,0,-619.131,0,619.131,0
0.2932,3.4386,0,5.0307,0,5.2701,0,2.2433,0,1.5921,-0.2039,0.2039,0,-619.826,0,619.826,0
0.2933,3.4391,0,5.0309,0,5.2391,0,2.2536,0,1.5918,-0.2041,0.2041,0,-620.511,0,620.511,0
0.2934,3.4396,0,5.0311,0,5.2081,0,2.264,0,1.5915,-0.2042,0.2042,0,-621.187,0,621.187,0
0.2935,3.4401,0,5.0314,0,5.177,0,2.2743,0,1.5912,-0.2044,0.2044,0,-621.854,0,621.854,0
0.2936,3.4407,0,5.0316,0,5.1459,0,2.2847,0,1.5909,-0.2045,0.2045,0,-622.512,0,622.512,0
0.2937,3.4412,0,5.0318,0,5.1147,0,2.2951,0,1.5907,-0.2047,0.2047,0,-623.16,0,623.16,0
0.2938,3.4417,0,5.0321,0,5.0836,0,2.3055,0,1.5904,-0.2048,0.2048,0,-623.8,0,623.8,0
0.2939,3.4422,0,5.0323,0,5.0523,0,2.3159,0,1.5901,-0.2049,0.2049,0,-624.43,0,624.43,0
0.294,3.4427,0,5.0325,0,5.0211,0,2.3263,0,1.5898,-0.2051,0.2051,0,-625.05,0,625.05,0
0.2941,3.4432,0,5.0328,0,4.9898,0,2.3367,0,1.5896,-0.2052,0.2052,0,-625.662,0,625.662,0
0.2942,3.4437,0,5.033,0,4.9585,0,2.3472,0,1.5893,-0.2053,0.2053,0,-626.264,0,626.264,0
0.2943,3.4442,0,5.0332,0,4.9272,0,2.3576,0,1.589,-0.2055,0.2055,0,-626.856,0,626.856,0
0.2944,3.4447,0,5.0335,0,4.8959,0,2.368,0,1.5888,-0.2056,0.2056,0,-627.439,0,627.439,0
0.2945,3.4452,0,5.0337,0,4.8645,0,2.3785,0,1.5885,-0.2057,0.2057,0,-628.013,0,628.013,0
0.2946,3.4456,0,5.0339,0,4.8331,0,2.389,0,1.5883,-0.2059,0.2059,0,-628.578,0,628.578,0
0.2947,3.4461,0,5.0342,0,4.8016,0,2.3995,0,1.588,-0.206,0.206,0,-629.133,0,629.133,0
0.2948,3.4466,0,5.0344,0,4.7701,0,2.41,0,1.5878,-0.2061,0.2061,0,-629.678,0,629.678,0
0.2949,3.4471,0,5.0347,0,4.7386,0,2.4205,0,1.5876,-0.2062,0.2062,0,-630.214,0,630.214,0
0.295,3.4476,0,5.0349,0,4.7071,0,2.431,0,1.5873,-0.2063,0.2063,0,-630.741,0,630.741,0
0.2951,3.448,0,5.0351,0,4.6756,0,2.4415,0,1.5871,-0.2064,0.2064,0,-631.258,0,631.258,0
0.2952,3.4485,0,5.0354,0,4.644,0,2.452,0,1.5869,-0.2066,0.2066,0,-631.766,0,631.766,0
0.2953,3.449,0,5.0356,0,4.6124,0,2.4625,0,1.5867,-0.2067,0.2067,0,-632.264,0,632.264,0
0.2954,3.4494,0,5.0359,0,4.5808,0,2.4731,0,1.5865,-0.2068,0.2068,0,-632.752,0,632.752,0
0.2955,3.4499,0,5.0361,0,4.5491,0,2.4836,0,1.5863,-0.2069,0.2069,0,-633.231,0,633.231,0
0.2956,3.4503,0,5.0364,0,4.5174,0,2.4942,0,1.5861,-0.207,0.207,0,-633.701,0,633.701,0
0.2957,3.4508,0,5.0366,0,4.4857,0,2.5048,0,1.5859,-0.2071,0.2071,0,-634.16,0,634.16,0
0.2958,3.4512,0,5.0369,0,4.454,0,2.5153,0,1.5857,-0.2072,0.2072,0,-634.611,0,634.611,0
0.2959,3.4517,0,5.0371,0,4.4223,0,2.5259,0,1.5855,-0.2073,0.2073,0,-635.051,0,635.051,0
0.296,3.4521,0,5.0374,0,4.3905,0,2.5365,0,1.5853,-0.2074,0.2074,0,-635.482,0,635.482,0
0.2961,3.4525,0,5.0376,0,4.3587,0,2.5471,0,1.5851,-0.2075,0.2075,0,-635.904,0,635.904,0
0.2962,3.453,0,5.0379,0,4.3269,0,2.5577,0,1.5849,-0.2075,0.2075,0,-636.315,0,636.315,0
0.2963,3.4534,0,5.0381,0,4.2951,0,2.5683,0,1.5847,-0.2076,0.2076,0,-636.717,0,636.717,0
0.2964,3.4538,0,5.0384,0,4.2633,0,2.5789,0,1.5846,-0.2077,0.2077,0,-637.11,0,637.11,0
0.2965,3.4543,0,5.0387,0,4.2314,0,2.5895,0,1.5844,-0.2078,0.2078,0,-637.492,0,637.492,0
0.2966,3.4547,0,5.0389,0,4.1995,0,2.6002,0,1.5842,-0.2079,0.2079,0,-637.865,0,637.865,0
0.2967,3.4551,0,5.0392,0,4.1676,0,2.6108,0,1.5841,-0.208,0.208,0,-638.228,0,638.228,0
0.2968,3.4555,0,5.0394,0,4.1357,0,2.6214,0,1.5839,-0.208,0.208,0,-638.582,0,638.582,0
0.2969,3.4559,0,5.0397,0,4.1038,0,2.6321,0,1.5838,-0.2081,0.2081,0,-638.926,0,638.926,0
0.297,3.4563,0,5.04,0,4.0718,0,2.6427,0,1.5836,-0.2082,0.2082,0,-639.259,0,639.259,0
0.2971,3.4567,0,5.0402,0,4.0398,0,2.6534,0,1.5835,-0.2083,0.2083,0,-639.584,0,639.584,0
0.2972,3.4571,0,5.0405,0,4.0078,0,2.6641,0,1.5834,-0.2083,0.2083,0,-639.898,0,639.898,0
0.2973,3.4575,0,5.0408,0,3.9758,0,2.6747,0,1.5832,-0.2084,0.2084,0,-640.203,0,640.203,0
0.2974,3.4579,0,5.041,0,3.9438,0,2.6854,0,1.5831,-0.2084,0.2084,0,-640.498,0,640.498,0
0.2975,3.4583,0,5.0413,0,3.9118,0,2.6961,0,1.583,-0.2085,0.2085,0,-640.783,0,640.783,0
0.2976,3.4587,0,5.0416,0,3.8797,0,2.7068,0,1.5829,-0.2086,0.2086,0,-641.058,0,641.058,0
0.2977,3.4591,0,5.0418,0,3.8477,0,2.7174,0,1.5827,-0.2086,0.2086,0,-641.324,0,641.324,0
0.2978,3.4595,0,5.0421,0,3.8156,0,2.7281,0,1.5826,-0.2087,0.2087,0,-641.579,0,641.579,0
0.2979,3.4599,0,5.0424,0,3.7835,0,2.7388,0,1.5825,-0.2087,0.2087,0,-641.825,0,641.825,0
0.298,3.4602,0,5.0427,0,3.7514,0,2.7495,0,1.5824,-0.2088,0.2088,0,-642.061,0,642.061,0
0.2981,3.4606,0,5.0429,0,3.7193,0,2.7602,0,1.5823,-0.2088,0.2088,0,-642.287,0,642.287,0
0.2982,3.461,0,5.0432,0,3.6872,0,2.7709,0,1.5822,-0.2089,0.2089,0,-642.504,0,642.504,0
0.2983,3.4614,0,5.0435,0,3.6551,0,2.7816,0,1.5821,-0.2089,0.2089,0,-642.71,0,642.71,0
0.2984,3.4617,0,5.0438,0,3.6229,0,2.7924,0,1.5821,-0.209,0.209,0,-642.907,0,642.907,0
0.2985,3.4621,0,5.0441,0,3.5908,0,2.8031,0,1.582,-0.209,0.209,0,-643.093,0,643.093,0
0.2986,3.4624,0,5.0443,0,3.5586,0,2.8138,0,1.5819,-0.2091,0.2091,0,-643.27,0,643.27,0
0.2987,3.4628,0,5.0446,0,3.5264,0,2.8245,0,1.5818,-0.2091,0.2091,0,-643.437,0,643.437,0
0.2988,3.4631,0,5.0449,0,3.4943,0,2.8352,0,1.5818,-0.2091,0.2091,0,-643.594,0,643.594,0
0.2989,3.4635,0,5.0452,0,3.4621,0,2.846,0,1.5817,-0.2092,0.2092,0,-643.741,0,643.741,0
0.299,3.4638,0,5.0455,0,3.4299,0,2.8567,0,1.5816,-0.2092,0.2092,0,-643.879,0,643.879,0
0.2991,3.4642,0,5.0458,0,3.3977,0,2.8674,0,1.5816,-0.2092,0.2092,0,-644.006,0,644.006,0
0.2992,3.4645,0,5.046,0,3.3655,0,2.8782,0,1.5815,-0.2092,0.2092,0,-644.123,0,644.123,0
0.2993,3.4649,0,5.0463,0,3.3333,0,2.8889,0,1.5815,-0.2093,0.2093,0,-644.231,0,644.231,0
0.2994,3.4652,0,5.0466,0,3.3011,0,2.8996,0,1.5814,-0.2093,0.2093,0,-644.329,0,644.329,0
0.2995,3.4655,0,5.0469,0,3.2689,0,2.9104,0,1.5814,-0.2093,0.2093,0,-644.416,0,644.416,0
0.2996,3.4658,0,5.0472,0,3.2366,0,2.9211,0,1.5814,-0.2093,0.2093,0,-644.494,0,644.494,0
0.2997,3.4662,0,5.0475,0,3.2044,0,2.9319,0,1.5813,-0.2093,0.2093,0,-644.562,0,644.562,0
0.2998,3.4665,0,5.0478,0,3.1722,0,2.9426,0,1.5813,-0.2093,0.2093,0,-644.62,0,644.62,0
0.2999,3.4668,0,5.0481,0,3.1399,0,2.9534,0,1.5813,-0.2094,0.2094,0,-644.668,0,644.668,0
0.3,3.4671,0,5.0484,0,3.1077,0,2.9641,0,1.5813,-0.2094,0.2094,0,-644.706,0,644.706,0
0.3001,3.4674,0,5.0487,0,3.0755,0,2.9748,0,1.5813,-0.2094,0.2094,0,-644.735,0,644.735,0
0.3002,3.4677,0,5.049,0,3.0432,0,2.9856,0,1.5813,-0.2094,0.2094,0,-644.753,0,644.753,0
0.3003,3.468,0,5.0493,0,3.011,0,2.9963,0,1.5813,-0.2094,0.2094,0,-644.761,0,644.761,0
0.3004,3.4683,0,5.0496,0,2.9788,0,3.0071,0,1.5813,-0.2094,0.2094,0,-644.76,0,644.76,0
0.3005,3.4686,0,5.0499,0,2.9465,0,3.0178,0,1.5813,-0.2094,0.2094,0,-644.748,0,644.748,0
0.3006,3.4689,0,5.0502,0,2.9143,0,3.0286,0,1.5813,-0.2094,0.2094,0,-644.727,0,644.727,0
0.3007,3.4692,0,5.0505,0,2.8821,0,3.0393,0,1.5813,-0.2094,0.2094,0,-644.695,0,644.695,0
0.3008,3.4695,0,5.0508,0,2.8498,0,3.0501,0,1.5813,-0.2094,0.2094,0,-644.654,0,644.654,0
0.3009,3.4698,0,5.0511,0,2.8176,0,3.0608,0,1.5813,-0.2093,0.2093,0,-644.603,0,644.603,0
0.301,3.4701,0,5.0514,0,2.7854,0,3.0715,0,1.5813,-0.2093,0.2093,0,-644.542,0,644.542,0
0.3011,3.4703,0,5.0517,0,2.7531,0,3.0823,0,1.5814,-0.2093,0.2093,0,-644.471,0,644.471,0
0.3012,3.4706,0,5.052,0,2.7209,0,3.093,0,1.5814,-0.2093,0.2093,0,-644.39,0,644.39,0
0.3013,3.4709,0,5.0523,0,2.6887,0,3.1038,0,1.5815,-0.2093,0.2093,0,-644.299,0,644.299,0
0.3014,3.4711,0,5.0526,0,2.6565,0,3.1145,0,1.5815,-0.2093,0.2093,0,-644.198,0,644.198,0
0.3015,3.4714,0,5.0529,0,2.6243,0,3.1252,0,1.5815,-0.2092,0.2092,0,-644.087,0,644.087,0
0.3016,3.4717,0,5.0533,0,2.5921,0,3.136,0,1.5816,-0.2092,0.2092,0,-643.967,0,643.967,0
0.3017,3.4719,0,5.0536,0,2.5599,0,3.1467,0,1.5817,-0.2092,0.2092,0,-643.836,0,643.836,0
0.3018,3.4722,0,5.0539,0,2.5277,0,3.1574,0,1.5817,-0.2091,0.2091,0,-643.696,0,643.696,0
0.3019,3.4724,0,5.0542,0,2.4955,0,3.1682,0,1.5818,-0.2091,0.2091,0,-643.545,0,643.545,0
0.302,3.4727,0,5.0545,0,2.4633,0,3.1789,0,1.5818,-0.2091,0.2091,0,-643.385,0,643.385,0
0.3021,3.4729,0,5.0548,0,2.4312,0,3.1896,0,1.5819,-0.209,0.209,0,-643.215,0,643.215,0
0.3022,3.4732,0,5.0552,0,2.399,0,3.2003,0,1.582,-0.209,0.209,0,-643.035,0,643.035,0
0.3023,3.4734,0,5.0555,0,2.3669,0,3.211,0,1.5821,-0.209,0.209,0,-642.845,0,642.845,0
0.3024,3.4736,0,5.0558,0,2.3347,0,3.2218,0,1.5822,-0.2089,0.2089,0,-642.645,0,642.645,0
0.3025,3.4739,0,5.0561,0,2.3026,0,3.2325,0,1.5823,-0.2089,0.2089,0,-642.436,0,642.436,0
0.3026,3.4741,0,5.0565,0,2.2705,0,3.2432,0,1.5824,-0.2088,0.2088,0,-642.216,0,642.216,0
0.3027,3.4743,0,5.0568,0,2.2384,0,3.2539,0,1.5825,-0.2088,0.2088,0,-641.987,0,641.987,0
0.3028,3.4745,0,5.0571,0,2.2063,0,3.2646,0,1.5826,-0.2087,0.2087,0,-641.748,0,641.748,0
0.3029,3.4748,0,5.0574,0,2.1742,0,3.2753,0,1.5827,-0.2087,0.2087,0,-641.499,0,641.499,0
0.303,3.475,0,5.0578,0,2.1421,0,3.286,0,1.5828,-0.2086,0.2086,0,-641.24,0,641.24,0
0.3031,3.4752,0,5.0581,0,2.1101,0,3.2966,0,1.5829,-0.2086,0.2086,0,-640.972,0,640.972,0
0.3032,3.4754,0,5.0584,0,2.078,0,3.3073,0,1.583,-0.2085,0.2085,0,-640.693,0,640.693,0
0.3033,3.4756,0,5.0587,0,2.046,0,3.318,0,1.5831,-0.2084,0.2084,0,-640.405,0,640.405,0
0.3034,3.4758,0,5.0591,0,2.014,0,3.3287,0,1.5833,-0.2084,0.2084,0,-640.107,0,640.107,0
0.3035,3.476,0,5.0594,0,1.982,0,3.3393,0,1.5834,-0.2083,0.2083,0,-639.799,0,639.799,0
0.3036,3.4762,0,5.0597,0,1.95,0,3.35,0,1.5835,-0.2082,0.2082,0,-639.482,0,639.482,0
0.3037,3.4764,0,5.0601,0,1.9181,0,3.3606,0,1.5837,-0.2082,0.2082,0,-639.154,0,639.154,0
0.3038,3.4766,0,5.0604,0,1.8861,0,3.3713,0,1.5838,-0.2081,0.2081,0,-638.817,0,638.817,0
0.3039,3.4768,0,5.0608,0,1.8542,0,3.3819,0,1.584,-0.208,0.208,0,-638.471,0,638.471,0
0.304,3.477,0,5.0611,0,1.8223,0,3.3926,0,1.5841,-0.2079,0.2079,0,-638.114,0,638.114,0
0.3041,3.4771,0,5.0614,0,1.7904,0,3.4032,0,1.5843,-0.2079,0.2079,0,-637.748,0,637.748,0
0.3042,3.4773,0,5.0618,0,1.7585,0,3.4138,0,1.5845,-0.2078,0.2078,0,-637.372,0,637.372,0
0.3043,3.4775,0,5.0621,0,1.7266,0,3.4245,0,1.5846,-0.2077,0.2077,0,-636.986,0,636.986,0
0.3044,3.4777,0,5.0625,0,1.6948,0,3.4351,0,1.5848,-0.2076,0.2076,0,-636.591,0,636.591,0
0.3045,3.4778,0,5.0628,0,1.663,0,3.4457,0,1.585,-0.2075,0.2075,0,-636.186,0,636.186,0
0.3046,3.478,0,5.0632,0,1.6312,0,3.4563,0,1.5852,-0.2074,0.2074,0,-635.771,0,635.771,0
0.3047,3.4782,0,5.0635,0,1.5994,0,3.4669,0,1.5853,-0.2073,0.2073,0,-635.346,0,635.346,0
0.3048,3.4783,0,5.0638,0,1.5676,0,3.4775,0,1.5855,-0.2072,0.2072,0,-634.912,0,634.912,0
0.3049,3.4785,0,5.0642,0,1.5359,0,3.488,0,1.5857,-0.2071,0.2071,0,-634.469,0,634.469,0
0.305,3.4786,0,5.0645,0,1.5042,0,3.4986,0,1.5859,-0.207,0.207,0,-634.015,0,634.015,0
0.3051,3.4788,0,5.0649,0,1.4725,0,3.5092,0,1.5861,-0.2069,0.2069,0,-633.553,0,633.553,0
0.3052,3.4789,0,5.0652,0,1.4408,0,3.5197,0,1.5863,-0.2068,0.2068,0,-633.08,0,633.08,0
0.3053,3.4791,0,5.0656,0,1.4092,0,3.5303,0,1.5865,-0.2067,0.2067,0,-632.598,0,632.598,0
0.3054,3.4792,0,5.066,0,1.3776,0,3.5408,0,1.5868,-0.2066,0.2066,0,-632.107,0,632.107,0
0.3055,3.4793,0,5.0663,0,1.346,0,3.5513,0,1.587,-0.2065,0.2065,0,-631.606,0,631.606,0
0.3056,3.4795,0,5.0667,0,1.3144,0,3.5619,0,1.5872,-0.2064,0.2064,0,-631.095,0,631.095,0
0.3057,3.4796,0,5.067,0,1.2829,0,3.5724,0,1.5874,-0.2063,0.2063,0,-630.575,0,630.575,0
0.3058,3.4797,0,5.0674,0,1.2514,0,3.5829,0,1.5877,-0.2062,0.2062,0,-630.045,0,630.045,0
0.3059,3.4798,0,5.0677,0,1.2199,0,3.5934,0,1.5879,-0.2061,0.2061,0,-629.506,0,629.506,0
0.306,3.48,0,5.0681,0,1.1884,0,3.6039,0,1.5881,-0.2059,0.2059,0,-628.957,0,628.957,0
0.3061,3.4801,0,5.0685,0,1.157,0,3.6143,0,1.5884,-0.2058,0.2058,0,-628.399,0,628.399,0
0.3062,3.4802,0,5.0688,0,1.1256,0,3.6248,0,1.5886,-0.2057,0.2057,0,-627.832,0,627.832,0
0.3063,3.4803,0,5.0692,0,1.0942,0,3.6353,0,1.5889,-0.2056,0.2056,0,-627.255,0,627.255,0
0.3064,3.4804,0,5.0695,0,1.0628,0,3.6457,0,1.5891,-0.2054,0.2054,0,-626.669,0,626.669,0
0.3065,3.4805,0,5.0699,0,1.0315,0,3.6562,0,1.5894,-0.2053,0.2053,0,-626.073,0,626.073,0
0.3066,3.4806,0,5.0703,0,1.0002,0,3.6666,0,1.5897,-0.2052,0.2052,0,-625.468,0,625.468,0
0.3067,3.4807,0,5.0706,0,0.969,0,3.677,0,1.5899,-0.205,0.205,0,-624.854,0,624.854,0
0.3068,3.4808,0,5.071,0,0.9377,0,3.6874,0,1.5902,-0.2049,0.2049,0,-624.231,0,624.231,0
0.3069,3.4809,0,5.0714,0,0.9066,0,3.6978,0,1.5905,-0.2048,0.2048,0,-623.598,0,623.598,0
0.307,3.481,0,5.0718,0,0.8754,0,3.7082,0,1.5908,-0.2046,0.2046,0,-622.956,0,622.956,0
0.3071,3.4811,0,5.0721,0,0.8443,0,3.7186,0,1.591,-0.2045,0.2045,0,-622.304,0,622.304,0
0.3072,3.4812,0,5.0725,0,0.8132,0,3.7289,0,1.5913,-0.2043,0.2043,0,-621.643,0,621.643,0
0.3073,3.4812,0,5.0729,0,0.7821,0,3.7393,0,1.5916,-0.2042,0.2042,0,-620.973,0,620.973,0
0.3074,3.4813,0,5.0732,0,0.7511,0,3.7496,0,1.5919,-0.204,0.204,0,-620.294,0,620.294,0
0.3075,3.4814,0,5.0736,0,0.7201,0,3.76,0,1.5922,-0.2039,0.2039,0,-619.606,0,619.606,0
0.3076,3.4815,0,5.074,0,0.6891,0,3.7703,0,1.5925,-0.2037,0.2037,0,-618.909,0,618.909,0
0.3077,3.4815,0,5.0744,0,0.6582,0,3.7806,0,1.5928,-0.2036,0.2036,0,-618.202,0,618.202,0
0.3078,3.4816,0,5.0748,0,0.6273,0,3.7909,0,1.5931,-0.2034,0.2034,0,-617.486,0,617.486,0
0.3079,3.4817,0,5.0751,0,0.5964,0,3.8012,0,1.5935,-0.2033,0.2033,0,-616.762,0,616.762,0
0.308,3.4817,0,5.0755,0,0.5656,0,3.8115,0,1.5938,-0.2031,0.2031,0,-616.028,0,616.028,0
0.3081,3.4818,0,5.0759,0,0.5348,0,3.8217,0,1.5941,-0.2029,0.2029,0,-615.285,0,615.285,0
0.3082,3.4818,0,5.0763,0,0.5041,0,3.832,0,1.5944,-0.2028,0.2028,0,-614.533,0,614.533,0
0.3083,3.4819,0,5.0767,0,0.4734,0,3.8422,0,1.5948,-0.2026,0.2026,0,-613.772,0,613.772,0
0.3084,3.4819,0,5.077,0,0.4427,0,3.8524,0,1.5951,-0.2024,0.2024,0,-613.002,0,613.002,0
0.3085,3.482,0,5.0774,0,0.4121,0,3.8626,0,1.5955,-0.2023,0.2023,0,-612.223,0,612.223,0
0.3086,3.482,0,5.0778,0,0.3815,0,3.8728,0,1.5958,-0.2021,0.2021,0,-611.436,0,611.436,0
0.3087,3.482,0,5.0782,0,0.3509,0,3.883,0,1.5962,-0.2019,0.2019,0,-610.639,0,610.639,0
0.3088,3.4821,0,5.0786,0,0.3204,0,3.8932,0,1.5965,-0.2017,0.2017,0,-609.833,0,609.833,0
0.3089,3.4821,0,5.079,0,0.2899,0,3.9034,0,1.5969,-0.2016,0.2016,0,-609.019,0,609.019,0
0.309,3.4821,0,5.0794,0,0.2595,0,3.9135,0,1.5972,-0.2014,0.2014,0,-608.196,0,608.196,0
0.3091,3.4822,0,5.0798,0,0.2291,0,3.9236,0,1.5976,-0.2012,0.2012,0,-607.364,0,607.364,0
0.3092,3.4822,0,5.0802,0,0.1988,0,3.9337,0,1.598,-0.201,0.201,0,-606.523,0,606.523,0
0.3093,3.4822,0,5.0806,0,0.1685,0,3.9438,0,1.5984,-0.2008,0.2008,0,-605.673,0,605.673,0
0.3094,3.4822,0,5.0809,0,0.1382,0,3.9539,0,1.5987,-0.2006,0.2006,0,-604.815,0,604.815,0
0.3095,3.4822,0,5.0813,0,0.108,0,3.964,0,1.5991,-0.2004,0.2004,0,-603.948,0,603.948,0
0.3096,3.4822,0,5.0817,0,0.0778,0,3.9741,0,1.5995,-0.2002,0.2002,0,-603.072,0,603.072,0
0.3097,3.4822,0,5.0821,0,0.0477,0,3.9841,0,1.5999,-0.2001,0.2001,0,-602.188,0,602.188,0
0.3098,3.4822,0,5.0825,0,0.0176,0,3.9941,0,1.6003,-0.1999,0.1999,0,-601.295,0,601.295,0
0.3099,3.4822,0,5.0829,0,-0.0124,0,4.0041,0,1.6007,-0.1997,0.1997,0,-600.393,0,600.393,0
0.31,3.4822,0,5.0833,0,-0.0424,0,4.0141,0,1.6011,-0.1995,0.1995,0,-599.483,0,599.483,0
0.3101,3.4822,0,5.0837,0,-0.0724,0,4.0241,0,1.6015,-0.1992,0.1992,0,-598.564,0,598.564,0
0.3102,3.4822,0,5.0841,0,-0.1023,0,4.0341,0,1.6019,-0.199,0.199,0,-597.637,0,597.637,0
0.3103,3.4822,0,5.0845,0,-0.1322,0,4.0441,0,1.6023,-0.1988,0.1988,0,-596.702,0,596.702,0
0.3104,3.4822,0,5.085,0,-0.162,0,4.054,0,1.6028,-0.1986,0.1986,0,-595.757,0,595.757,0
0.3105,3.4822,0,5.0854,0,-0.1917,0,4.0639,0,1.6032,-0.1984,0.1984,0,-594.805,0,594.805,0
0.3106,3.4822,0,5.0858,0,-0.2214,0,4.0738,0,1.6036,-0.1982,0.1982,0,-593.844,0,593.844,0
0.3107,3.4821,0,5.0862,0,-0.2511,0,4.0837,0,1.604,-0.198,0.198,0,-592.874,0,592.874,0
0.3108,3.4821,0,5.0866,0,-0.2807,0,4.0936,0,1.6045,-0.1978,0.1978,0,-591.897,0,591.897,0
0.3109,3.4821,0,5.087,0,-0.3103,0,4.1034,0,1.6049,-0.1975,0.1975,0,-590.91,0,590.91,0
0.311,3.482,0,5.0874,0,-0.3398,0,4.1133,0,1.6054,-0.1973,0.1973,0,-589.916,0,589.916,0
0.3111,3.482,0,5.0878,0,-0.3693,0,4.1231,0,1.6058,-0.1971,0.1971,0,-588.914,0,588.914,0
0.3112,3.482,0,5.0882,0,-0.3987,0,4.1329,0,1.6063,-0.1969,0.1969,0,-587.903,0,587.903,0
0.3113,3.4819,0,5.0886,0,-0.4281,0,4.1427,0,1.6067,-0.1966,0.1966,0,-586.884,0,586.884,0
0.3114,3.4819,0,5.0891,0,-0.4574,0,4.1525,0,1.6072,-0.1964,0.1964,0,-585.857,0,585.857,0
0.3115,3.4818,0,5.0895,0,-0.4867,0,4.1622,0,1.6076,-0.1962,0.1962,0,-584.821,0,584.821,0
0.3116,3.4818,0,5.0899,0,-0.5159,0,4.172,0,1.6081,-0.196,0.196,0,-583.778,0,583.778,0
0.3117,3.4817,0,5.0903,0,-0.545,0,4.1817,0,1.6086,-0.1957,0.1957,0,-582.726,0,582.726,0
0.3118,3.4817,0,5.0907,0,-0.5742,0,4.1914,0,1.609,-0.1955,0.1955,0,-581.667,0,581.667,0
0.3119,3.4816,0,5.0911,0,-0.6032,0,4.2011,0,1.6095,-0.1952,0.1952,0,-580.6,0,580.6,0
0.312,3.4816,0,5.0916,0,-0.6322,0,4.2107,0,1.61,-0.195,0.195,0,-579.524,0,579.524,0
0.3121,3.4815,0,5.092,0,-0.6612,0,4.2204,0,1.6105,-0.1948,0.1948,0,-578.441,0,578.441,0
0.3122,3.4814,0,5.0924,0,-0.6901,0,4.23,0,1.611,-0.1945,0.1945,0,-577.349,0,577.349,0
0.3123,3.4814,0,5.0928,0,-0.7189,0,4.2396,0,1.6115,-0.1943,0.1943,0,-576.25,0,576.25,0
0.3124,3.4813,0,5.0933,0,-0.7477,0,4.2492,0,1.612,-0.194,0.194,0,-575.143,0,575.143,0
0.3125,3.4812,0,5.0937,0,-0.7764,0,4.2588,0,1.6125,-0.1938,0.1938,0,-574.028,0,574.028,0
0.3126,3.4811,0,5.0941,0,-0.8051,0,4.2684,0,1.613,-0.1935,0.1935,0,-572.905,0,572.905,0
0.3127,3.481,0,5.0945,0,-0.8337,0,4.2779,0,1.6135,-0.1933,0.1933,0,-571.775,0,571.775,0
0.3128,3.481,0,5.095,0,-0.8623,0,4.2874,0,1.614,-0.193,0.193,0,-570.637,0,570.637,0
0.3129,3.4809,0,5.0954,0,-0.8908,0,4.2969,0,1.6145,-0.1927,0.1927,0,-569.491,0,569.491,0
0.313,3.4808,0,5.0958,0,-0.9192,0,4.3064,0,1.615,-0.1925,0.1925,0,-568.338,0,568.338,0
0.3131,3.4807,0,5.0963,0,-0.9476,0,4.3159,0,1.6156,-0.1922,0.1922,0,-567.177,0,567.177,0
0.3132,3.4806,0,5.0967,0,-0.9759,0,4.3253,0,1.6161,-0.192,0.192,0,-566.008,0,566.008,0
0.3133,3.4805,0,5.0971,0,-1.0042,0,4.3347,0,1.6166,-0.1917,0.1917,0,-564.832,0,564.832,0
0.3134,3.4804,0,5.0976,0,-1.0324,0,4.3441,0,1.6172,-0.1914,0.1914,0,-563.649,0,563.649,0
0.3135,3.4803,0,5.098,0,-1.0606,0,4.3535,0,1.6177,-0.1912,0.1912,0,-562.457,0,562.457,0
0.3136,3.4802,0,5.0984,0,-1.0886,0,4.3629,0,1.6182,-0.1909,0.1909,0,-561.259,0,561.259,0
0.3137,3.4801,0,5.0989,0,-1.1167,0,4.3722,0,1.6188,-0.1906,0.1906,0,-560.053,0,560.053,0
0.3138,3.48,0,5.0993,0,-1.1447,0,4.3816,0,1.6193,-0.1903,0.1903,0,-558.84,0,558.84,0
0.3139,3.4798,0,5.0997,0,-1.1726,0,4.3909,0,1.6199,-0.1901,0.1901,0,-557.619,0,557.619,0
0.314,3.4797,0,5.1002,0,-1.2004,0,4.4001,0,1.6205,-0.1898,0.1898,0,-556.391,0,556.391,0
0.3141,3.4796,0,5.1006,0,-1.2282,0,4.4094,0,1.621,-0.1895,0.1895,0,-555.156,0,555.156,0
0.3142,3.4795,0,5.1011,0,-1.2559,0,4.4186,0,1.6216,-0.1892,0.1892,0,-553.914,0,553.914,0
0.3143,3.4794,0,5.1015,0,-1.2836,0,4.4279,0,1.6221,-0.1889,0.1889,0,-552.665,0,552.665,0
0.3144,3.4792,0,5.1019,0,-1.3112,0,4.4371,0,1.6227,-0.1886,0.1886,0,-551.408,0,551.408,0
0.3145,3.4791,0,5.1024,0,-1.3387,0,4.4462,0,1.6233,-0.1884,0.1884,0,-550.144,0,550.144,0
0.3146,3.479,0,5.1028,0,-1.3662,0,4.4554,0,1.6239,-0.1881,0.1881,0,-548.873,0,548.873,0
0.3147,3.4788,0,5.1033,0,-1.3936,0,4.4645,0,1.6245,-0.1878,0.1878,0,-547.596,0,547.596,0
0.3148,3.4787,0,5.1037,0,-1.421,0,4.4737,0,1.6251,-0.1875,0.1875,0,-546.311,0,546.311,0
0.3149,3.4785,0,5.1042,0,-1.4483,0,4.4828,0,1.6256,-0.1872,0.1872,0,-545.019,0,545.019,0
0.315,3.4784,0,5.1046,0,-1.4755,0,4.4918,0,1.6262,-0.1869,0.1869,0,-543.721,0,543.721,0
0.3151,3.4782,0,5.1051,0,-1.5026,0,4.5009,0,1.6268,-0.1866,0.1866,0,-542.415,0,542.415,0
0.3152,3.4781,0,5.1055,0,-1.5297,0,4.5099,0,1.6274,-0.1863,0.1863,0,-541.103,0,541.103,0
0.3153,3.4779,0,5.106,0,-1.5567,0,4.5189,0,1.628,-0.186,0.186,0,-539.784,0,539.784,0
0.3154,3.4778,0,5.1064,0,-1.5837,0,4.5279,0,1.6287,-0.1857,0.1857,0,-538.458,0,538.458,0
0.3155,3.4776,0,5.1069,0,-1.6106,0,4.5369,0,1.6293,-0.1854,0.1854,0,-537.125,0,537.125,0
0.3156,3.4775,0,5.1073,0,-1.6374,0,4.5458,0,1.6299,-0.1851,0.1851,0,-535.786,0,535.786,0
0.3157,3.4773,0,5.1078,0,-1.6642,0,4.5547,0,1.6305,-0.1848,0.1848,0,-534.44,0,534.44,0
0.3158,3.4771,0,5.1082,0,-1.6908,0,4.5636,0,1.6311,-0.1844,0.1844,0,-533.087,0,533.087,0
0.3159,3.4769,0,5.1087,0,-1.7175,0,4.5725,0,1.6318,-0.1841,0.1841,0,-531.728,0,531.728,0
0.316,3.4768,0,5.1092,0,-1.744,0,4.5813,0,1.6324,-0.1838,0.1838,0,-530.363,0,530.363,0
0.3161,3.4766,0,5.1096,0,-1.7705,0,4.5902,0,1.633,-0.1835,0.1835,0,-528.991,0,528.991,0
0.3162,3.4764,0,5.1101,0,-1.7969,0,4.599,0,1.6337,-0.1832,0.1832,0,-527.612,0,527.612,0
0.3163,3.4762,0,5.1105,0,-1.8233,0,4.6078,0,1.6343,-0.1829,0.1829,0,-526.227,0,526.227,0
0.3164,3.4761,0,5.111,0,-1.8495,0,4.6165,0,1.6349,-0.1825,0.1825,0,-524.836,0,524.836,0
0.3165,3.4759,0,5.1115,0,-1.8757,0,4.6252,0,1.6356,-0.1822,0.1822,0,-523.438,0,523.438,0
0.3166,3.4757,0,5.1119,0,-1.9019,0,4.634,0,1.6362,-0.1819,0.1819,0,-522.035,0,522.035,0
0.3167,3.4755,0,5.1124,0,-1.9279,0,4.6426,0,1.6369,-0.1816,0.1816,0,-520.625,0,520.625,0
0.3168,3.4753,0,5.1129,0,-1.9539,0,4.6513,0,1.6376,-0.1812,0.1812,0,-519.208,0,519.208,0
0.3169,3.4751,0,5.1133,0,-1.9799,0,4.66,0,1.6382,-0.1809,0.1809,0,-517.786,0,517.786,0
0.317,3.4749,0,5.1138,0,-2.0057,0,4.6686,0,1.6389,-0.1806,0.1806,0,-516.357,0,516.357,0
0.3171,3.4747,0,5.1143,0,-2.0315,0,4.6772,0,1.6396,-0.1802,0.1802,0,-514.923,0,514.923,0
0.3172,3.4745,0,5.1147,0,-2.0572,0,4.6857,0,1.6402,-0.1799,0.1799,0,-513.482,0,513.482,0
0.3173,3.4743,0,5.1152,0,-2.0828,0,4.6943,0,1.6409,-0.1796,0.1796,0,-512.036,0,512.036,0
0.3174,3.4741,0,5.1157,0,-2.1084,0,4.7028,0,1.6416,-0.1792,0.1792,0,-510.584,0,510.584,0
0.3175,3.4739,0,5.1161,0,-2.1339,0,4.7113,0,1.6423,-0.1789,0.1789,0,-509.125,0,509.125,0
0.3176,3.4736,0,5.1166,0,-2.1593,0,4.7198,0,1.643,-0.1785,0.1785,0,-507.661,0,507.661,0
0.3177,3.4734,0,5.1171,0,-2.1847,0,4.7282,0,1.6436,-0.1782,0.1782,0,-506.191,0,506.191,0
0.3178,3.4732,0,5.1175,0,-2.2099,0,4.7366,0,1.6443,-0.1778,0.1778,0,-504.715,0,504.715,0
0.3179,3.473,0,5.118,0,-2.2351,0,4.745,0,1.645,-0.1775,0.1775,0,-503.234,0,503.234,0
0.318,3.4728,0,5.1185,0,-2.2603,0,4.7534,0,1.6457,-0.1771,0.1771,0,-501.747,0,501.747,0
0.3181,3.4725,0,5.119,0,-2.2853,0,4.7618,0,1.6464,-0.1768,0.1768,0,-500.254,0,500.254,0
0.3182,3.4723,0,5.1194,0,-2.3103,0,4.7701,0,1.6471,-0.1764,0.1764,0,-498.755,0,498.755,0
0.3183,3.4721,0,5.1199,0,-2.3352,0,4.7784,0,1.6478,-0.1761,0.1761,0,-497.252,0,497.252,0
0.3184,3.4718,0,5.1204,0,-2.36,0,4.7867,0,1.6486,-0.1757,0.1757,0,-495.742,0,495.742,0
0.3185,3.4716,0,5.1209,0,-2.3848,0,4.7949,0,1.6493,-0.1754,0.1754,0,-494.227,0,494.227,0
0.3186,3.4714,0,5.1214,0,-2.4094,0,4.8031,0,1.65,-0.175,0.175,0,-492.707,0,492.707,0
0.3187,3.4711,0,5.1218,0,-2.434,0,4.8113,0,1.6507,-0.1746,0.1746,0,-491.181,0,491.181,0
0.3188,3.4709,0,5.1223,0,-2.4586,0,4.8195,0,1.6514,-0.1743,0.1743,0,-489.65,0,489.65,0
0.3189,3.4706,0,5.1228,0,-2.483,0,4.8277,0,1.6522,-0.1739,0.1739,0,-488.114,0,488.114,0
0.319,3.4704,0,5.1233,0,-2.5074,0,4.8358,0,1.6529,-0.1735,0.1735,0,-486.573,0,486.573,0
0.3191,3.4701,0,5.1238,0,-2.5317,0,4.8439,0,1.6536,-0.1732,0.1732,0,-485.026,0,485.026,0
0.3192,3.4699,0,5.1243,0,-2.5559,0,4.852,0,1.6544,-0.1728,0.1728,0,-483.474,0,483.474,0
0.3193,3.4696,0,5.1247,0,-2.58,0,4.86,0,1.6551,-0.1724,0.1724,0,-481.917,0,481.917,0
0.3194,3.4694,0,5.1252,0,-2.6041,0,4.868,0,1.6559,-0.1721,0.1721,0,-480.355,0,480.355,0
0.3195,3.4691,0,5.1257,0,-2.628,0,4.876,0,1.6566,-0.1717,0.1717,0,-478.788,0,478.788,0
0.3196,3.4688,0,5.1262,0,-2.6519,0,4.884,0,1.6574,-0.1713,0.1713,0,-477.216,0,477.216,0
0.3197,3.4686,0,5.1267,0,-2.6758,0,4.8919,0,1.6581,-0.1709,0.1709,0,-475.639,0,475.639,0
0.3198,3.4683,0,5.1272,0,-2.6995,0,4.8998,0,1.6589,-0.1706,0.1706,0,-474.058,0,474.058,0
0.3199,3.468,0,5.1277,0,-2.7232,0,4.9077,0,1.6596,-0.1702,0.1702,0,-472.471,0,472.471,0
0.32,3.4678,0,5.1282,0,-2.7467,0,4.9156,0,1.6604,-0.1698,0.1698,0,-470.88,0,470.88,0
0.3201,3.4675,0,5.1287,0,-2.7702,0,4.9234,0,1.6612,-0.1694,0.1694,0,-469.284,0,469.284,0
0.3202,3.4672,0,5.1292,0,-2.7937,0,4.9312,0,1.662,-0.169,0.169,0,-467.683,0,467.683,0
0.3203,3.4669,0,5.1296,0,-2.817,0,4.939,0,1.6627,-0.1686,0.1686,0,-466.078,0,466.078,0
0.3204,3.4666,0,5.1301,0,-2.8403,0,4.9468,0,1.6635,-0.1683,0.1683,0,-464.468,0,464.468,0
0.3205,3.4664,0,5.1306,0,-2.8635,0,4.9545,0,1.6643,-0.1679,0.1679,0,-462.853,0,462.853,0
0.3206,3.4661,0,5.1311,0,-2.8866,0,4.9622,0,1.6651,-0.1675,0.1675,0,-461.234,0,461.234,0
0.3207,3.4658,0,5.1316,0,-2.9096,0,4.9699,0,1.6659,-0.1671,0.1671,0,-459.611,0,459.611,0
0.3208,3.4655,0,5.1321,0,-2.9325,0,4.9775,0,1.6666,-0.1667,0.1667,0,-457.983,0,457.983,0
0.3209,3.4652,0,5.1326,0,-2.9554,0,4.9851,0,1.6674,-0.1663,0.1663,0,-456.351,0,456.351,0
0.321,3.4649,0,5.1331,0,-2.9782,0,4.9927,0,1.6682,-0.1659,0.1659,0,-454.714,0,454.714,0
0.3211,3.4646,0,5.1336,0,-3.0009,0,5.0003,0,1.669,-0.1655,0.1655,0,-453.074,0,453.074,0
0.3212,3.4643,0,5.1341,0,-3.0235,0,5.0078,0,1.6698,-0.1651,0.1651,0,-451.428,0,451.428,0
0.3213,3.464,0,5.1346,0,-3.046,0,5.0153,0,1.6706,-0.1647,0.1647,0,-449.779,0,449.779,0
0.3214,3.4637,0,5.1351,0,-3.0684,0,5.0228,0,1.6714,-0.1643,0.1643,0,-448.126,0,448.126,0
0.3215,3.4634,0,5.1356,0,-3.0908,0,5.0303,0,1.6723,-0.1639,0.1639,0,-446.469,0,446.469,0
0.3216,3.4631,0,5.1361,0,-3.1131,0,5.0377,0,1.6731,-0.1635,0.1635,0,-444.807,0,444.807,0
0.3217,3.4627,0,5.1366,0,-3.1353,0,5.0451,0,1.6739,-0.1631,0.1631,0,-443.142,0,443.142,0
0.3218,3.4624,0,5.1371,0,-3.1574,0,5.0525,0,1.6747,-0.1627,0.1627,0,-441.473,0,441.473,0
0.3219,3.4621,0,5.1376,0,-3.1794,0,5.0598,0,1.6755,-0.1622,0.1622,0,-439.799,0,439.799,0
0.322,3.4618,0,5.1382,0,-3.2014,0,5.0671,0,1.6764,-0.1618,0.1618,0,-438.122,0,438.122,0
0.3221,3.4615,0,5.1387,0,-3.2232,0,5.0744,0,1.6772,-0.1614,0.1614,0,-436.442,0,436.442,0
0.3222,3.4612,0,5.1392,0,-3.245,0,5.0817,0,1.678,-0.161,0.161,0,-434.757,0,434.757,0
0.3223,3.4608,0,5.1397,0,-3.2667,0,5.0889,0,1.6788,-0.1606,0.1606,0,-433.069,0,433.069,0
0.3224,3.4605,0,5.1402,0,-3.2883,0,5.0961,0,1.6797,-0.1602,0.1602,0,-431.377,0,431.377,0
0.3225,3.4602,0,5.1407,0,-3.3099,0,5.1033,0,1.6805,-0.1597,0.1597,0,-429.682,0,429.682,0
0.3226,3.4598,0,5.1412,0,-3.3313,0,5.1104,0,1.6814,-0.1593,0.1593,0,-427.983,0,427.983,0
0.3227,3.4595,0,5.1417,0,-3.3527,0,5.1176,0,1.6822,-0.1589,0.1589,0,-426.28,0,426.28,0
0.3228,3.4592,0,5.1422,0,-3.3739,0,5.1246,0,1.6831,-0.1585,0.1585,0,-424.574,0,424.574,0
0.3229,3.4588,0,5.1427,0,-3.3951,0,5.1317,0,1.6839,-0.158,0.158,0,-422.865,0,422.865,0
0.323,3.4585,0,5.1433,0,-3.4162,0,5.1387,0,1.6848,-0.1576,0.1576,0,-421.152,0,421.152,0
0.3231,3.4581,0,5.1438,0,-3.4372,0,5.1457,0,1.6856,-0.1572,0.1572,0,-419.436,0,419.436,0
0.3232,3.4578,0,5.1443,0,-3.4581,0,5.1527,0,1.6865,-0.1568,0.1568,0,-417.717,0,417.717,0
0.3233,3.4575,0,5.1448,0,-3.479,0,5.1597,0,1.6873,-0.1563,0.1563,0,-415.994,0,415.994,0
0.3234,3.4571,0,5.1453,0,-3.4997,0,5.1666,0,1.6882,-0.1559,0.1559,0,-414.269,0,414.269,0
0.3235,3.4568,0,5.1458,0,-3.5204,0,5.1735,0,1.6891,-0.1555,0.1555,0,-412.54,0,412.54,0
0.3236,3.4564,0,5.1464,0,-3.541,0,5.1803,0,1.6899,-0.155,0.155,0,-410.808,0,410.808,0
0.3237,3.456,0,5.1469,0,-3.5615,0,5.1872,0,1.6908,-0.1546,0.1546,0,-409.073,0,409.073,0
0.3238,3.4557,0,5.1474,0,-3.5819,0,5.194,0,1.6917,-0.1542,0.1542,0,-407.336,0,407.336,0
0.3239,3.4553,0,5.1479,0,-3.6022,0,5.2007,0,1.6926,-0.1537,0.1537,0,-405.595,0,405.595,0
0.324,3.455,0,5.1484,0,-3.6225,0,5.2075,0,1.6935,-0.1533,0.1533,0,-403.852,0,403.852,0
0.3241,3.4546,0,5.1489,0,-3.6426,0,5.2142,0,1.6943,-0.1528,0.1528,0,-402.105,0,402.105,0
0.3242,3.4542,0,5.1495,0,-3.6627,0,5.2209,0,1.6952,-0.1524,0.1524,0,-400.356,0,400.356,0
0.3243,3.4539,0,5.15,0,-3.6826,0,5.2275,0,1.6961,-0.1519,0.1519,0,-398.604,0,398.604,0
0.3244,3.4535,0,5.1505,0,-3.7025,0,5.2342,0,1.697,-0.1515,0.1515,0,-396.85,0,396.85,0
0.3245,3.4531,0,5.151,0,-3.7223,0,5.2408,0,1.6979,-0.1511,0.1511,0,-395.093,0,395.093,0
0.3246,3.4528,0,5.1516,0,-3.742,0,5.2473,0,1.6988,-0.1506,0.1506,0,-393.333,0,393.333,0
0.3247,3.4524,0,5.1521,0,-3.7617,0,5.2539,0,1.6997,-0.1502,0.1502,0,-391.571,0,391.571,0
0.3248,3.452,0,5.1526,0,-3.7812,0,5.2604,0,1.7006,-0.1497,0.1497,0,-389.807,0,389.807,0
0.3249,3.4516,0,5.1531,0,-3.8006,0,5.2669,0,1.7015,-0.1492,0.1492,0,-388.04,0,388.04,0
0.325,3.4512,0,5.1537,0,-3.82,0,5.2733,0,1.7024,-0.1488,0.1488,0,-386.271,0,386.271,0
0.3251,3.4509,0,5.1542,0,-3.8393,0,5.2798,0,1.7033,-0.1483,0.1483,0,-384.499,0,384.499,0
0.3252,3.4505,0,5.1547,0,-3.8585,0,5.2862,0,1.7042,-0.1479,0.1479,0,-382.725,0,382.725,0
0.3253,3.4501,0,5.1553,0,-3.8775,0,5.2925,0,1.7052,-0.1474,0.1474,0,-380.949,0,380.949,0
0.3254,3.4497,0,5.1558,0,-3.8965,0,5.2988,0,1.7061,-0.147,0.147,0,-379.171,0,379.171,0
0.3255,3.4493,0,5.1563,0,-3.9155,0,5.3052,0,1.707,-0.1465,0.1465,0,-377.39,0,377.39,0
0.3256,3.4489,0,5.1568,0,-3.9343,0,5.3114,0,1.7079,-0.146,0.146,0,-375.608,0,375.608,0
0.3257,3.4485,0,5.1574,0,-3.953,0,5.3177,0,1.7088,-0.1456,0.1456,0,-373.823,0,373.823,0
0.3258,3.4481,0,5.1579,0,-3.9717,0,5.3239,0,1.7098,-0.1451,0.1451,0,-372.037,0,372.037,0
0.3259,3.4477,0,5.1584,0,-3.9902,0,5.3301,0,1.7107,-0.1447,0.1447,0,-370.249,0,370.249,0
0.326,3.4473,0,5.159,0,-4.0087,0,5.3362,0,1.7116,-0.1442,0.1442,0,-368.459,0,368.459,0
0.3261,3.4469,0,5.1595,0,-4.0271,0,5.3424,0,1.7126,-0.1437,0.1437,0,-366.667,0,366.667,0
0.3262,3.4465,0,5.16,0,-4.0454,0,5.3485,0,1.7135,-0.1432,0.1432,0,-364.873,0,364.873,0
0.3263,3.4461,0,5.1606,0,-4.0636,0,5.3545,0,1.7145,-0.1428,0.1428,0,-363.077,0,363.077,0
0.3264,3.4457,0,5.1611,0,-4.0817,0,5.3606,0,1.7154,-0.1423,0.1423,0,-361.281,0,361.281,0
0.3265,3.4453,0,5.1616,0,-4.0997,0,5.3666,0,1.7163,-0.1418,0.1418,0,-359.482,0,359.482,0
0.3266,3.4449,0,5.1622,0,-4.1176,0,5.3725,0,1.7173,-0.1414,0.1414,0,-357.682,0,357.682,0
0.3267,3.4445,0,5.1627,0,-4.1354,0,5.3785,0,1.7182,-0.1409,0.1409,0,-355.88,0,355.88,0
0.3268,3.4441,0,5.1633,0,-4.1532,0,5.3844,0,1.7192,-0.1404,0.1404,0,-354.077,0,354.077,0
0.3269,3.4436,0,5.1638,0,-4.1709,0,5.3903,0,1.7202,-0.1399,0.1399,0,-352.272,0,352.272,0
0.327,3.4432,0,5.1643,0,-4.1884,0,5.3961,0,1.7211,-0.1395,0.1395,0,-350.466,0,350.466,0
0.3271,3.4428,0,5.1649,0,-4.2059,0,5.402,0,1.7221,-0.139,0.139,0,-348.659,0,348.659,0
0.3272,3.4424,0,5.1654,0,-4.2233,0,5.4078,0,1.723,-0.1385,0.1385,0,-346.851,0,346.851,0
0.3273,3.442,0,5.166,0,-4.2406,0,5.4135,0,1.724,-0.138,0.138,0,-345.041,0,345.041,0
0.3274,3.4415,0,5.1665,0,-4.2578,0,5.4193,0,1.725,-0.1375,0.1375,0,-343.23,0,343.23,0
0.3275,3.4411,0,5.167,0,-4.2749,0,5.425,0,1.7259,-0.137,0.137,0,-341.418,0,341.418,0
0.3276,3.4407,0,5.1676,0,-4.2919,0,5.4306,0,1.7269,-0.1366,0.1366,0,-339.605,0,339.605,0
0.3277,3.4403,0,5.1681,0,-4.3089,0,5.4363,0,1.7279,-0.1361,0.1361,0,-337.791,0,337.791,0
0.3278,3.4398,0,5.1687,0,-4.3257,0,5.4419,0,1.7288,-0.1356,0.1356,0,-335.976,0,335.976,0
0.3279,3.4394,0,5.1692,0,-4.3425,0,5.4475,0,1.7298,-0.1351,0.1351,0,-334.16,0,334.16,0
0.328,3.439,0,5.1698,0,-4.3591,0,5.453,0,1.7308,-0.1346,0.1346,0,-332.344,0,332.344,0
0.3281,3.4385,0,5.1703,0,-4.3757,0,5.4586,0,1.7318,-0.1341,0.1341,0,-330.526,0,330.526,0
0.3282,3.4381,0,5.1709,0,-4.3922,0,5.4641,0,1.7328,-0.1336,0.1336,0,-328.708,0,328.708,0
0.3283,3.4376,0,5.1714,0,-4.4086,0,5.4695,0,1.7338,-0.1331,0.1331,0,-326.889,0,326.889,0
0.3284,3.4372,0,5.172,0,-4.4249,0,5.475,0,1.7348,-0.1326,0.1326,0,-325.07,0,325.07,0
0.3285,3.4368,0,5.1725,0,-4.4411,0,5.4804,0,1.7357,-0.1321,0.1321,0,-323.25,0,323.25,0
0.3286,3.4363,0,5.173,0,-4.4572,0,5.4857,0,1.7367,-0.1316,0.1316,0,-321.429,0,321.429,0
0.3287,3.4359,0,5.1736,0,-4.4732,0,5.4911,0,1.7377,-0.1311,0.1311,0,-319.608,0,319.608,0
0.3288,3.4354,0,5.1741,0,-4.4891,0,5.4964,0,1.7387,-0.1306,0.1306,0,-317.786,0,317.786,0
0.3289,3.435,0,5.1747,0,-4.505,0,5.5017,0,1.7397,-0.1301,0.1301,0,-315.964,0,315.964,0
0.329,3.4345,0,5.1752,0,-4.5207,0,5.5069,0,1.7407,-0.1296,0.1296,0,-314.142,0,314.142,0
0.3291,3.4341,0,5.1758,0,-4.5364,0,5.5121,0,1.7417,-0.1291,0.1291,0,-312.32,0,312.32,0
0.3292,3.4336,0,5.1763,0,-4.552,0,5.5173,0,1.7427,-0.1286,0.1286,0,-310.497,0,310.497,0
0.3293,3.4332,0,5.1769,0,-4.5675,0,5.5225,0,1.7437,-0.1281,0.1281,0,-308.674,0,308.674,0
0.3294,3.4327,0,5.1775,0,-4.5828,0,5.5276,0,1.7448,-0.1276,0.1276,0,-306.851,0,306.851,0
0.3295,3.4322,0,5.178,0,-4.5981,0,5.5327,0,1.7458,-0.1271,0.1271,0,-305.028,0,305.028,0
0.3296,3.4318,0,5.1786,0,-4.6133,0,5.5378,0,1.7468,-0.1266,0.1266,0,-303.204,0,303.204,0
0.3297,3.4313,0,5.1791,0,-4.6285,0,5.5428,0,1.7478,-0.1261,0.1261,0,-301.381,0,301.381,0
0.3298,3.4309,0,5.1797,0,-4.6435,0,5.5478,0,1.7488,-0.1256,0.1256,0,-299.558,0,299.558,0
0.3299,3.4304,0,5.1802,0,-4.6584,0,5.5528,0,1.7498,-0.1251,0.1251,0,-297.735,0,297.735,0
0.33,3.4299,0,5.1808,0,-4.6733,0,5.5578,0,1.7509,-0.1246,0.1246,0,-295.913,0,295.913,0
0.3301,3.4295,0,5.1813,0,-4.688,0,5.5627,0,1.7519,-0.1241,0.1241,0,-294.09,0,294.09,0
0.3302,3.429,0,5.1819,0,-4.7027,0,5.5676,0,1.7529,-0.1236,0.1236,0,-292.268,0,292.268,0
0.3303,3.4285,0,5.1824,0,-4.7172,0,5.5724,0,1.7539,-0.123,0.123,0,-290.446,0,290.446,0
0.3304,3.428,0,5.183,0,-4.7317,0,5.5772,0,1.755,-0.1225,0.1225,0,-288.624,0,288.624,0
0.3305,3.4276,0,5.1836,0,-4.7461,0,5.582,0,1.756,-0.122,0.122,0,-286.803,0,286.803,0
0.3306,3.4271,0,5.1841,0,-4.7604,0,5.5868,0,1.757,-0.1215,0.1215,0,-284.982,0,284.982,0
0.3307,3.4266,0,5.1847,0,-4.7746,0,5.5915,0,1.7581,-0.121,0.121,0,-283.162,0,283.162,0
0.3308,3.4261,0,5.1852,0,-4.7887,0,5.5962,0,1.7591,-0.1205,0.1205,0,-281.343,0,281.343,0
0.3309,3.4257,0,5.1858,0,-4.8027,0,5.6009,0,1.7601,-0.1199,0.1199,0,-279.524,0,279.524,0
0.331,3.4252,0,5.1864,0,-4.8167,0,5.6056,0,1.7612,-0.1194,0.1194,0,-277.706,0,277.706,0
0.3311,3.4247,0,5.1869,0,-4.8305,0,5.6102,0,1.7622,-0.1189,0.1189,0,-275.888,0,275.888,0
0.3312,3.4242,0,5.1875,0,-4.8442,0,5.6147,0,1.7633,-0.1184,0.1184,0,-274.072,0,274.072,0
0.3313,3.4237,0,5.188,0,-4.8579,0,5.6193,0,1.7643,-0.1178,0.1178,0,-272.256,0,272.256,0
0.3314,3.4232,0,5.1886,0,-4.8715,0,5.6238,0,1.7654,-0.1173,0.1173,0,-270.441,0,270.441,0
0.3315,3.4227,0,5.1892,0,-4.8849,0,5.6283,0,1.7664,-0.1168,0.1168,0,-268.627,0,268.627,0
0.3316,3.4223,0,5.1897,0,-4.8983,0,5.6328,0,1.7675,-0.1163,0.1163,0,-266.814,0,266.814,0
0.3317,3.4218,0,5.1903,0,-4.9116,0,5.6372,0,1.7685,-0.1157,0.1157,0,-265.002,0,265.002,0
0.3318,3.4213,0,5.1909,0,-4.9248,0,5.6416,0,1.7696,-0.1152,0.1152,0,-263.191,0,263.191,0
0.3319,3.4208,0,5.1914,0,-4.9379,0,5.646,0,1.7706,-0.1147,0.1147,0,-261.381,0,261.381,0
0.332,3.4203,0,5.192,0,-4.951,0,5.6503,0,1.7717,-0.1142,0.1142,0,-259.572,0,259.572,0
0.3321,3.4198,0,5.1926,0,-4.9639,0,5.6546,0,1.7728,-0.1136,0.1136,0,-257.765,0,257.765,0
0.3322,3.4193,0,5.1931,0,-4.9767,0,5.6589,0,1.7738,-0.1131,0.1131,0,-255.959,0,255.959,0
0.3323,3.4188,0,5.1937,0,-4.9895,0,5.6632,0,1.7749,-0.1126,0.1126,0,-254.155,0,254.155,0
0.3324,3.4183,0,5.1943,0,-5.0022,0,5.6674,0,1.776,-0.112,0.112,0,-252.351,0,252.351,0
0.3325,3.4178,0,5.1948,0,-5.0147,0,5.6716,0,1.777,-0.1115,0.1115,0,-250.549,0,250.549,0
0.3326,3.4173,0,5.1954,0,-5.0272,0,5.6757,0,1.7781,-0.111,0.111,0,-248.749,0,248.749,0
0.3327,3.4168,0,5.196,0,-5.0396,0,5.6799,0,1.7792,-0.1104,0.1104,0,-246.95,0,246.95,0
0.3328,3.4163,0,5.1965,0,-5.0519,0,5.684,0,1.7802,-0.1099,0.1099,0,-245.153,0,245.153,0
0.3329,3.4158,0,5.1971,0,-5.0641,0,5.688,0,1.7813,-0.1094,0.1094,0,-243.358,0,243.358,0
0.333,3.4153,0,5.1977,0,-5.0762,0,5.6921,0,1.7824,-0.1088,0.1088,0,-241.564,0,241.564,0
0.3331,3.4148,0,5.1982,0,-5.0883,0,5.6961,0,1.7835,-0.1083,0.1083,0,-239.772,0,239.772,0
0.3332,3.4143,0,5.1988,0,-5.1002,0,5.7001,0,1.7845,-0.1077,0.1077,0,-237.982,0,237.982,0
0.3333,3.4137,0,5.1994,0,-5.1121,0,5.704,0,1.7856,-0.1072,0.1072,0,-236.193,0,236.193,0
0.3334,3.4132,0,5.1999,0,-5.1238,0,5.7079,0,1.7867,-0.1067,0.1067,0,-234.407,0,234.407,0
0.3335,3.4127,0,5.2005,0,-5.1355,0,5.7118,0,1.7878,-0.1061,0.1061,0,-232.622,0,232.622,0
0.3336,3.4122,0,5.2011,0,-5.1471,0,5.7157,0,1.7889,-0.1056,0.1056,0,-230.84,0,230.84,0
0.3337,3.4117,0,5.2017,0,-5.1586,0,5.7195,0,1.79,-0.105,0.105,0,-229.059,0,229.059,0
0.3338,3.4112,0,5.2022,0,-5.17,0,5.7233,0,1.7911,-0.1045,0.1045,0,-227.281,0,227.281,0
0.3339,3.4107,0,5.2028,0,-5.1813,0,5.7271,0,1.7921,-0.1039,0.1039,0,-225.505,0,225.505,0
0.334,3.4101,0,5.2034,0,-5.1925,0,5.7308,0,1.7932,-0.1034,0.1034,0,-223.731,0,223.731,0
0.3341,3.4096,0,5.2039,0,-5.2037,0,5.7346,0,1.7943,-0.1028,0.1028,0,-221.959,0,221.959,0
0.3342,3.4091,0,5.2045,0,-5.2147,0,5.7382,0,1.7954,-0.1023,0.1023,0,-220.19,0,220.19,0
0.3343,3.4086,0,5.2051,0,-5.2257,0,5.7419,0,1.7965,-0.1017,0.1017,0,-218.423,0,218.423,0
0.3344,3.4081,0,5.2057,0,-5.2366,0,5.7455,0,1.7976,-0.1012,0.1012,0,-216.658,0,216.658,0
0.3345,3.4075,0,5.2062,0,-5.2474,0,5.7491,0,1.7987,-0.1006,0.1006,0,-214.896,0,214.896,0
0.3346,3.407,0,5.2068,0,-5.2581,0,5.7527,0,1.7998,-0.1001,0.1001,0,-213.136,0,213.136,0
0.3347,3.4065,0,5.2074,0,-5.2687,0,5.7562,0,1.8009,-0.0995,0.0995,0,-211.379,0,211.379,0
0.3348,3.4059,0,5.208,0,-5.2792,0,5.7597,0,1.802,-0.099,0.099,0,-209.625,0,209.625,0
0.3349,3.4054,0,5.2085,0,-5.2896,0,5.7632,0,1.8031,-0.0984,0.0984,0,-207.873,0,207.873,0
0.335,3.4049,0,5.2091,0,-5.3,0,5.7667,0,1.8042,-0.0979,0.0979,0,-206.124,0,206.124,0
0.3351,3.4044,0,5.2097,0,-5.3103,0,5.7701,0,1.8053,-0.0973,0.0973,0,-204.378,0,204.378,0
0.3352,3.4038,0,5.2103,0,-5.3204,0,5.7735,0,1.8064,-0.0968,0.0968,0,-202.634,0,202.634,0
0.3353,3.4033,0,5.2109,0,-5.3305,0,5.7768,0,1.8076,-0.0962,0.0962,0,-200.893,0,200.893,0
0.3354,3.4028,0,5.2114,0,-5.3405,0,5.7802,0,1.8087,-0.0957,0.0957,0,-199.156,0,199.156,0
0.3355,3.4022,0,5.212,0,-5.3504,0,5.7835,0,1.8098,-0.0951,0.0951,0,-197.421,0,197.421,0
0.3356,3.4017,0,5.2126,0,-5.3603,0,5.7868,0,1.8109,-0.0946,0.0946,0,-195.689,0,195.689,0
0.3357,3.4012,0,5.2132,0,-5.37,0,5.79,0,1.812,-0.094,0.094,0,-193.961,0,193.961,0
0.3358,3.4006,0,5.2137,0,-5.3797,0,5.7932,0,1.8131,-0.0934,0.0934,0,-192.235,0,192.235,0
0.3359,3.4001,0,5.2143,0,-5.3892,0,5.7964,0,1.8142,-0.0929,0.0929,0,-190.513,0,190.513,0
0.336,3.3995,0,5.2149,0,-5.3987,0,5.7996,0,1.8154,-0.0923,0.0923,0,-188.794,0,188.794,0
0.3361,3.399,0,5.2155,0,-5.4081,0,5.8027,0,1.8165,-0.0918,0.0918,0,-187.078,0,187.078,0
0.3362,3.3985,0,5.2161,0,-5.4174,0,5.8058,0,1.8176,-0.0912,0.0912,0,-185.366,0,185.366,0
0.3363,3.3979,0,5.2166,0,-5.4266,0,5.8089,0,1.8187,-0.0906,0.0906,0,-183.657,0,183.657,0
0.3364,3.3974,0,5.2172,0,-5.4358,0,5.8119,0,1.8199,-0.0901,0.0901,0,-181.951,0,181.951,0
0.3365,3.3968,0,5.2178,0,-5.4448,0,5.8149,0,1.821,-0.0895,0.0895,0,-180.249,0,180.249,0
0.3366,3.3963,0,5.2184,0,-5.4538,0,5.8179,0,1.8221,-0.089,0.089,0,-178.55,0,178.55,0
0.3367,3.3957,0,5.219,0,-5.4627,0,5.8209,0,1.8232,-0.0884,0.0884,0,-176.855,0,176.855,0
0.3368,3.3952,0,5.2196,0,-5.4715,0,5.8238,0,1.8244,-0.0878,0.0878,0,-175.163,0,175.163,0
0.3369,3.3946,0,5.2201,0,-5.4802,0,5.8267,0,1.8255,-0.0873,0.0873,0,-173.476,0,173.476,0
0.337,3.3941,0,5.2207,0,-5.4888,0,5.8296,0,1.8266,-0.0867,0.0867,0,-171.792,0,171.792,0
0.3371,3.3935,0,5.2213,0,-5.4974,0,5.8325,0,1.8278,-0.0861,0.0861,0,-170.112,0,170.112,0
0.3372,3.393,0,5.2219,0,-5.5058,0,5.8353,0,1.8289,-0.0856,0.0856,0,-168.435,0,168.435,0
0.3373,3.3924,0,5.2225,0,-5.5142,0,5.8381,0,1.83,-0.085,0.085,0,-166.763,0,166.763,0
0.3374,3.3919,0,5.2231,0,-5.5225,0,5.8408,0,1.8312,-0.0844,0.0844,0,-165.094,0,165.094,0
0.3375,3.3913,0,5.2236,0,-5.5307,0,5.8436,0,1.8323,-0.0839,0.0839,0,-163.43,0,163.43,0
0.3376,3.3908,0,5.2242,0,-5.5389,0,5.8463,0,1.8334,-0.0833,0.0833,0,-161.769,0,161.769,0
0.3377,3.3902,0,5.2248,0,-5.5469,0,5.849,0,1.8346,-0.0827,0.0827,0,-160.113,0,160.113,0
0.3378,3.3897,0,5.2254,0,-5.5549,0,5.8516,0,1.8357,-0.0821,0.0821,0,-158.46,0,158.46,0
0.3379,3.3891,0,5.226,0,-5.5628,0,5.8543,0,1.8369,-0.0816,0.0816,0,-156.812,0,156.812,0
0.338,3.3886,0,5.2266,0,-5.5706,0,5.8569,0,1.838,-0.081,0.081,0,-155.168,0,155.168,0
0.3381,3.388,0,5.2271,0,-5.5783,0,5.8594,0,1.8391,-0.0804,0.0804,0,-153.529,0,153.529,0
0.3382,3.3875,0,5.2277,0,-5.5859,0,5.862,0,1.8403,-0.0799,0.0799,0,-151.894,0,151.894,0
0.3383,3.3869,0,5.2283,0,-5.5935,0,5.8645,0,1.8414,-0.0793,0.0793,0,-150.263,0,150.263,0
0.3384,3.3863,0,5.2289,0,-5.6009,0,5.867,0,1.8426,-0.0787,0.0787,0,-148.637,0,148.637,0
0.3385,3.3858,0,5.2295,0,-5.6083,0,5.8694,0,1.8437,-0.0781,0.0781,0,-147.015,0,147.015,0
0.3386,3.3852,0,5.2301,0,-5.6156,0,5.8719,0,1.8449,-0.0776,0.0776,0,-145.398,0,145.398,0
0.3387,3.3846,0,5.2307,0,-5.6229,0,5.8743,0,1.846,-0.077,0.077,0,-143.785,0,143.785,0
0.3388,3.3841,0,5.2313,0,-5.63,0,5.8767,0,1.8472,-0.0764,0.0764,0,-142.177,0,142.177,0
0.3389,3.3835,0,5.2318,0,-5.6371,0,5.879,0,1.8483,-0.0758,0.0758,0,-140.574,0,140.574,0
0.339,3.383,0,5.2324,0,-5.6441,0,5.8814,0,1.8495,-0.0753,0.0753,0,-138.976,0,138.976,0
0.3391,3.3824,0,5.233,0,-5.651,0,5.8837,0,1.8506,-0.0747,0.0747,0,-137.382,0,137.382,0
0.3392,3.3818,0,5.2336,0,-5.6578,0,5.8859,0,1.8518,-0.0741,0.0741,0,-135.793,0,135.793,0
0.3393,3.3813,0,5.2342,0,-5.6646,0,5.8882,0,1.8529,-0.0735,0.0735,0,-134.209,0,134.209,0
0.3394,3.3807,0,5.2348,0,-5.6712,0,5.8904,0,1.8541,-0.073,0.073,0,-132.631,0,132.631,0
0.3395,3.3801,0,5.2354,0,-5.6778,0,5.8926,0,1.8552,-0.0724,0.0724,0,-131.057,0,131.057,0
0.3396,3.3796,0,5.236,0,-5.6843,0,5.8948,0,1.8564,-0.0718,0.0718,0,-129.488,0,129.488,0
0.3397,3.379,0,5.2366,0,-5.6908,0,5.8969,0,1.8576,-0.0712,0.0712,0,-127.925,0,127.925,0
0.3398,3.3784,0,5.2371,0,-5.6971,0,5.899,0,1.8587,-0.0706,0.0706,0,-126.366,0,126.366,0
0.3399,3.3779,0,5.2377,0,-5.7034,0,5.9011,0,1.8599,-0.0701,0.0701,0,-124.813,0,124.813,0
0.34,3.3773,0,5.2383,0,-5.7096,0,5.9032,0,1.861,-0.0695,0.0695,0,-123.266,0,123.266,0
0.3401,3.3767,0,5.2389,0,-5.7157,0,5.9052,0,1.8622,-0.0689,0.0689,0,-121.723,0,121.723,0
0.3402,3.3761,0,5.2395,0,-5.7218,0,5.9073,0,1.8634,-0.0683,0.0683,0,-120.186,0,120.186,0
0.3403,3.3756,0,5.2401,0,-5.7277,0,5.9092,0,1.8645,-0.0677,0.0677,0,-118.655,0,118.655,0
0.3404,3.375,0,5.2407,0,-5.7336,0,5.9112,0,1.8657,-0.0672,0.0672,0,-117.129,0,117.129,0
0.3405,3.3744,0,5.2413,0,-5.7395,0,5.9132,0,1.8669,-0.0666,0.0666,0,-115.608,0,115.608,0
0.3406,3.3738,0,5.2419,0,-5.7452,0,5.9151,0,1.868,-0.066,0.066,0,-114.093,0,114.093,0
0.3407,3.3733,0,5.2425,0,-5.7509,0,5.917,0,1.8692,-0.0654,0.0654,0,-112.584,0,112.584,0
0.3408,3.3727,0,5.2431,0,-5.7565,0,5.9188,0,1.8704,-0.0648,0.0648,0,-111.081,0,111.081,0
0.3409,3.3721,0,5.2436,0,-5.762,0,5.9207,0,1.8715,-0.0642,0.0642,0,-109.584,0,109.584,0
0.341,3.3715,0,5.2442,0,-5.7674,0,5.9225,0,1.8727,-0.0637,0.0637,0,-108.092,0,108.092,0
0.3411,3.371,0,5.2448,0,-5.7728,0,5.9243,0,1.8739,-0.0631,0.0631,0,-106.606,0,106.606,0
0.3412,3.3704,0,5.2454,0,-5.7781,0,5.926,0,1.875,-0.0625,0.0625,0,-105.126,0,105.126,0
0.3413,3.3698,0,5.246,0,-5.7833,0,5.9278,0,1.8762,-0.0619,0.0619,0,-103.653,0,103.653,0
0.3414,3.3692,0,5.2466,0,-5.7884,0,5.9295,0,1.8774,-0.0613,0.0613,0,-102.185,0,102.185,0
0.3415,3.3687,0,5.2472,0,-5.7935,0,5.9312,0,1.8785,-0.0607,0.0607,0,-100.723,0,100.723,0
0.3416,3.3681,0,5.2478,0,-5.7985,0,5.9328,0,1.8797,-0.0601,0.0601,0,-99.2681,0,99.2681,0
0.3417,3.3675,0,5.2484,0,-5.8034,0,5.9345,0,1.8809,-0.0596,0.0596,0,-97.819,0,97.819,0
0.3418,3.3669,0,5.249,0,-5.8083,0,5.9361,0,1.8821,-0.059,0.059,0,-96.3763,0,96.3763,0
0.3419,3.3663,0,5.2496,0,-5.8131,0,5.9377,0,1.8832,-0.0584,0.0584,0,-94.9399,0,94.9399,0
0.342,3.3657,0,5.2502,0,-5.8178,0,5.9393,0,1.8844,-0.0578,0.0578,0,-93.51,0,93.51,0
0.3421,3.3652,0,5.2508,0,-5.8224,0,5.9408,0,1.8856,-0.0572,0.0572,0,-92.0866,0,92.0866,0
0.3422,3.3646,0,5.2514,0,-5.827,0,5.9423,0,1.8868,-0.0566,0.0566,0,-90.6698,0,90.6698,0
0.3423,3.364,0,5.252,0,-5.8315,0,5.9438,0,1.888,-0.056,0.056,0,-89.2596,0,89.2596,0
0.3424,3.3634,0,5.2525,0,-5.8359,0,5.9453,0,1.8891,-0.0554,0.0554,0,-87.856,0,87.856,0
0.3425,3.3628,0,5.2531,0,-5.8403,0,5.9468,0,1.8903,-0.0549,0.0549,0,-86.4592,0,86.4592,0
0.3426,3.3622,0,5.2537,0,-5.8446,0,5.9482,0,1.8915,-0.0543,0.0543,0,-85.0692,0,85.0692,0
0.3427,3.3617,0,5.2543,0,-5.8488,0,5.9496,0,1.8927,-0.0537,0.0537,0,-83.6861,0,83.6861,0
0.3428,3.3611,0,5.2549,0,-5.8529,0,5.951,0,1.8938,-0.0531,0.0531,0,-82.3099,0,82.3099,0
0.3429,3.3605,0,5.2555,0,-5.857,0,5.9523,0,1.895,-0.0525,0.0525,0,-80.9407,0,80.9407,0
0.343,3.3599,0,5.2561,0,-5.861,0,5.9537,0,1.8962,-0.0519,0.0519,0,-79.5785,0,79.5785,0
0.3431,3.3593,0,5.2567,0,-5.865,0,5.955,0,1.8974,-0.0513,0.0513,0,-78.2235,0,78.2235,0
0.3432,3.3587,0,5.2573,0,-5.8688,0,5.9563,0,1.8986,-0.0507,0.0507,0,-76.8756,0,76.8756,0
0.3433,3.3581,0,5.2579,0,-5.8727,0,5.9576,0,1.8998,-0.0501,0.0501,0,-75.535,0,75.535,0
0.3434,3.3576,0,5.2585,0,-5.8764,0,5.9588,0,1.9009,-0.0495,0.0495,0,-74.2018,0,74.2018,0
0.3435,3.357,0,5.2591,0,-5.8801,0,5.96,0,1.9021,-0.0489,0.0489,0,-72.8759,0,72.8759,0
0.3436,3.3564,0,5.2597,0,-5.8837,0,5.9612,0,1.9033,-0.0484,0.0484,0,-71.5574,0,71.5574,0
0.3437,3.3558,0,5.2603,0,-5.8872,0,5.9624,0,1.9045,-0.0478,0.0478,0,-70.2465,0,70.2465,0
0.3438,3.3552,0,5.2609,0,-5.8907,0,5.9636,0,1.9057,-0.0472,0.0472,0,-68.9432,0,68.9432,0
0.3439,3.3546,0,5.2615,0,-5.8941,0,5.9647,0,1.9069,-0.0466,0.0466,0,-67.6476,0,67.6476,0
0.344,3.354,0,5.2621,0,-5.8975,0,5.9658,0,1.908,-0.046,0.046,0,-66.3596,0,66.3596,0
0.3441,3.3534,0,5.2627,0,-5.9008,0,5.9669,0,1.9092,-0.0454,0.0454,0,-65.0795,0,65.0795,0
0.3442,3.3528,0,5.2633,0,-5.904,0,5.968,0,1.9104,-0.0448,0.0448,0,-63.8072,0,63.8072,0
0.3443,3.3523,0,5.2639,0,-5.9071,0,5.969,0,1.9116,-0.0442,0.0442,0,-62.5429,0,62.5429,0
0.3444,3.3517,0,5.2645,0,-5.9102,0,5.9701,0,1.9128,-0.0436,0.0436,0,-61.2867,0,61.2867,0
0.3445,3.3511,0,5.2651,0,-5.9133,0,5.9711,0,1.914,-0.043,0.043,0,-60.0385,0,60.0385,0
0.3446,3.3505,0,5.2657,0,-5.9162,0,5.9721,0,1.9152,-0.0424,0.0424,0,-58.7985,0,58.7985,0
0.3447,3.3499,0,5.2663,0,-5.9191,0,5.973,0,1.9164,-0.0418,0.0418,0,-57.5667,0,57.5667,0
0.3448,3.3493,0,5.2669,0,-5.922,0,5.974,0,1.9176,-0.0412,0.0412,0,-56.3433,0,56.3433,0
0.3449,3.3487,0,5.2674,0,-5.9248,0,5.9749,0,1.9187,-0.0406,0.0406,0,-55.1283,0,55.1283,0
0.345,3.3481,0,5.268,0,-5.9275,0,5.9758,0,1.9199,-0.04,0.04,0,-53.9218,0,53.9218,0
0.3451,3.3475,0,5.2686,0,-5.9302,0,5.9767,0,1.9211,-0.0394,0.0394,0,-52.7238,0,52.7238,0
0.3452,3.3469,0,5.2692,0,-5.9328,0,5.9776,0,1.9223,-0.0388,0.0388,0,-51.5345,0,51.5345,0
0.3453,3.3463,0,5.2698,0,-5.9353,0,5.9784,0,1.9235,-0.0383,0.0383,0,-50.354,0,50.354,0
0.3454,3.3457,0,5.2704,0,-5.9378,0,5.9793,0,1.9247,-0.0377,0.0377,0,-49.1822,0,49.1822,0
0.3455,3.3451,0,5.271,0,-5.9402,0,5.9801,0,1.9259,-0.0371,0.0371,0,-48.0194,0,48.0194,0
0.3456,3.3446,0,5.2716,0,-5.9426,0,5.9809,0,1.9271,-0.0365,0.0365,0,-46.8656,0,46.8656,0
0.3457,3.344,0,5.2722,0,-5.9449,0,5.9816,0,1.9283,-0.0359,0.0359,0,-45.7209,0,45.7209,0
0.3458,3.3434,0,5.2728,0,-5.9472,0,5.9824,0,1.9295,-0.0353,0.0353,0,-44.5854,0,44.5854,0
0.3459,3.3428,0,5.2734,0,-5.9494,0,5.9831,0,1.9307,-0.0347,0.0347,0,-43.4591,0,43.4591,0
0.346,3.3422,0,5.274,0,-5.9515,0,5.9838,0,1.9319,-0.0341,0.0341,0,-42.3422,0,42.3422,0
0.3461,3.3416,0,5.2746,0,-5.9536,0,5.9845,0,1.933,-0.0335,0.0335,0,-41.2348,0,41.2348,0
0.3462,3.341,0,5.2752,0,-5.9557,0,5.9852,0,1.9342,-0.0329,0.0329,0,-40.137,0,40.137,0
0.3463,3.3404,0,5.2758,0,-5.9576,0,5.9859,0,1.9354,-0.0323,0.0323,0,-39.0489,0,39.0489,0
0.3464,3.3398,0,5.2764,0,-5.9596,0,5.9865,0,1.9366,-0.0317,0.0317,0,-37.9705,0,37.9705,0
0.3465,3.3392,0,5.277,0,-5.9614,0,5.9871,0,1.9378,-0.0311,0.0311,0,-36.902,0,36.902,0
0.3466,3.3386,0,5.2776,0,-5.9633,0,5.9878,0,1.939,-0.0305,0.0305,0,-35.8435,0,35.8435,0
0.3467,3.338,0,5.2782,0,-5.965,0,5.9883,0,1.9402,-0.0299,0.0299,0,-34.7952,0,34.7952,0
0.3468,3.3374,0,5.2788,0,-5.9667,0,5.9889,0,1.9414,-0.0293,0.0293,0,-33.757,0,33.757,0
0.3469,3.3368,0,5.2794,0,-5.9684,0,5.9895,0,1.9426,-0.0287,0.0287,0,-32.7292,0,32.7292,0
0.347,3.3362,0,5.28,0,-5.97,0,5.99,0,1.9438,-0.0281,0.0281,0,-31.7119,0,31.7119,0
0.3471,3.3356,0,5.2806,0,-5.9716,0,5.9905,0,1.945,-0.0275,0.0275,0,-30.7051,0,30.7051,0
0.3472,3.335,0,5.2812,0,-5.9731,0,5.991,0,1.9462,-0.0269,0.0269,0,-29.7091,0,29.7091,0
0.3473,3.3344,0,5.2818,0,-5.9745,0,5.9915,0,1.9474,-0.0263,0.0263,0,-28.7239,0,28.7239,0
0.3474,3.3338,0,5.2824,0,-5.9759,0,5.992,0,1.9486,-0.0257,0.0257,0,-27.7497,0,27.7497,0
0.3475,3.3332,0,5.283,0,-5.9773,0,5.9924,0,1.9498,-0.0251,0.0251,0,-26.7866,0,26.7866,0
0.3476,3.3326,0,5.2836,0,-5.9786,0,5.9929,0,1.951,-0.0245,0.0245,0,-25.8348,0,25.8348,0
0.3477,3.332,0,5.2842,0,-5.9799,0,5.9933,0,1.9522,-0.0239,0.0239,0,-24.8944,0,24.8944,0
0.3478,3.3314,0,5.2848,0,-5.9811,0,5.9937,0,1.9534,-0.0233,0.0233,0,-23.9655,0,23.9655,0
0.3479,3.3308,0,5.2854,0,-5.9823,0,5.9941,0,1.9546,-0.0227,0.0227,0,-23.0484,0,23.0484,0
0.348,3.3302,0,5.286,0,-5.9834,0,5.9945,0,1.9558,-0.0221,0.0221,0,-22.1432,0,22.1432,0
0.3481,3.3296,0,5.2866,0,-5.9845,0,5.9948,0,1.957,-0.0215,0.0215,0,-21.25,0,21.25,0
0.3482,3.329,0,5.2872,0,-5.9855,0,5.9952,0,1.9582,-0.0209,0.0209,0,-20.3691,0,20.3691,0
0.3483,3.3284,0,5.2878,0,-5.9865,0,5.9955,0,1.9594,-0.0203,0.0203,0,-19.5006,0,19.5006,0
0.3484,3.3278,0,5.2884,0,-5.9875,0,5.9958,0,1.9606,-0.0197,0.0197,0,-18.6447,0,18.6447,0
0.3485,3.3272,0,5.289,0,-5.9884,0,5.9961,0,1.9618,-0.0191,0.0191,0,-17.8017,0,17.8017,0
0.3486,3.3266,0,5.2896,0,-5.9893,0,5.9964,0,1.963,-0.0185,0.0185,0,-16.9716,0,16.9716,0
0.3487,3.326,0,5.2902,0,-5.9901,0,5.9967,0,1.9642,-0.0179,0.0179,0,-16.1548,0,16.1548,0
0.3488,3.3254,0,5.2908,0,-5.9909,0,5.997,0,1.9654,-0.0173,0.0173,0,-15.3515,0,15.3515,0
0.3489,3.3248,0,5.2914,0,-5.9916,0,5.9972,0,1.9666,-0.0167,0.0167,0,-14.5619,0,14.5619,0
0.349,3.3242,0,5.292,0,-5.9923,0,5.9974,0,1.9678,-0.0161,0.0161,0,-13.7862,0,13.7862,0
0.3491,3.3236,0,5.2926,0,-5.993,0,5.9977,0,1.969,-0.0155,0.0155,0,-13.0248,0,13.0248,0
0.3492,3.323,0,5.2932,0,-5.9936,0,5.9979,0,1.9702,-0.0149,0.0149,0,-12.2778,0,12.2778,0
0.3493,3.3225,0,5.2938,0,-5.9942,0,5.9981,0,1.9714,-0.0143,0.0143,0,-11.5457,0,11.5457,0
0.3494,3.3219,0,5.2944,0,-5.9948,0,5.9983,0,1.9725,-0.0137,0.0137,0,-10.8287,0,10.8287,0
0.3495,3.3213,0,5.295,0,-5.9953,0,5.9984,0,1.9737,-0.0131,0.0131,0,-10.1271,0,10.1271,0
0.3496,3.3207,0,5.2956,0,-5.9958,0,5.9986,0,1.9749,-0.0125,0.0125,0,-9.4414,0,9.4414,0
0.3497,3.3201,0,5.2962,0,-5.9963,0,5.9988,0,1.9761,-0.0119,0.0119,0,-8.7718,0,8.7718,0
0.3498,3.3195,0,5.2968,0,-5.9967,0,5.9989,0,1.9773,-0.0113,0.0113,0,-8.1188,0,8.1188,0
0.3499,3.3189,0,5.2974,0,-5.9971,0,5.999,0,1.9785,-0.0107,0.0107,0,-7.4828,0,7.4828,0
0.35,3.3183,0,5.298,0,-5.9974,0,5.9991,0,1.9797,-0.0101,0.0101,0,-6.8644,0,6.8644,0
0.3501,3.3177,0,5.2986,0,-5.9978,0,5.9993,0,1.9809,-0.0095,0.0095,0,-6.2639,0,6.2639,0
0.3502,3.3171,0,5.2992,0,-5.9981,0,5.9994,0,1.9821,-0.0089,0.0089,0,-5.6821,0,5.6821,0
0.3503,3.3165,0,5.2998,0,-5.9983,0,5.9994,0,1.9833,-0.0083,0.0083,0,-5.1195,0,5.1195,0
0.3504,3.3159,0,5.3004,0,-5.9986,0,5.9995,0,1.9845,-0.0077,0.0077,0,-4.5767,0,4.5767,0
0.3505,3.3153,0,5.301,0,-5.9988,0,5.9996,0,1.9857,-0.0071,0.0071,0,-4.0546,0,4.0546,0
0.3506,3.3147,0,5.3016,0,-5.999,0,5.9997,0,1.9869,-0.0065,0.0065,0,-3.554,0,3.554,0
0.3507,3.3141,0,5.3022,0,-5.9991,0,5.9997,0,1.9881,-0.0059,0.0059,0,-3.0759,0,3.0759,0
0.3508,3.3135,0,5.3028,0,-5.9993,0,5.9998,0,1.9893,-0.0053,0.0053,0,-2.6214,0,2.6214,0
0.3509,3.3129,0,5.3034,0,-5.9994,0,5.9998,0,1.9905,-0.0047,0.0047,0,-2.1917,0,2.1917,0
0.351,3.3123,0,5.304,0,-5.9995,0,5.9998,0,1.9917,-0.0041,0.0041,0,-1.7885,0,1.7885,0
0.3511,3.3117,0,5.3046,0,-5.9996,0,5.9999,0,1.9929,-0.0035,0.0035,0,-1.4136,0,1.4136,0
0.3512,3.3111,0,5.3052,0,-5.9997,0,5.9999,0,1.9941,-0.0029,0.0029,0,-1.0693,0,1.0693,0
0.3513,3.3105,0,5.3058,0,-5.9997,0,5.9999,0,1.9953,-0.0023,0.0023,0,-0.7587,0,0.7587,0
0.3514,3.3099,0,5.3064,0,-5.9997,0,5.9999,0,1.9965,-0.0017,0.0017,0,-0.4858,0,0.4858,0
0.3515,3.3093,0,5.307,0,-5.9997,0,5.9999,0,1.9977,-0.0011,0.0011,0,-0.2569,0,0.2569,0
0.3516,3.3087,0,5.3076,0,-5.9998,0,5.9999,0,1.9989,-0.0005,0.0005,0,-0.083,0,0.083,0
0.3517,3.3081,0,5.3081,0,-5.9998,0,5.9999,0,2,0,0,0,-0.0001,0,0.0001,0
0.354,3.2944,0,5.3219,0,-5.9998,0,5.9999,0,2.0275,0,0,0,-0.0001,0,0.0001,0
